Yorum,Puan,Tarih,Yıl,Ay
uygulamada sorun var sanal kart oluşmuyor hata veriyor bilginize,3,2025-12-10 19:02:20,2025,12
basit bir iban açmak icin edevletten adres icin dogrulama bile istiolar gereksiz birşey sadece kimlik selfie yetmiomu neyinize konumum,1,2025-12-10 17:59:13,2025,12
hesabımda 120tlm kaldı ve hesabım sırf veli onayı yapmadığım icin gozukmuyor 17 yaşındayım kendi tc bilgilerim girilik sırf veli onayli olmadigi icin kart gozukmuyor uygulamada kartimda kirildigi icin bilgiler yok uygulama da kaldirdi veli onayi olmadigi icin musteri hizmetlerini aradim yardimci olunmadi bilgiler gozumuyo kart gozukmuyo cok sacma,1,2025-12-10 17:41:49,2025,12
uygulama yeni indirdim ama onaylama olmiyor çok denedim hiç olmadı kimlik ön yüzüne kullanın diyor yapyorum ama hiç olmadı 1 saat boyunca deniyorum,2,2025-12-10 14:19:49,2025,12
Hesap kesim tarihinde ayın 10 nunda Gece 12 den sonra uygulama calısmıyor.Traji Komik bur durum.....,3,2025-12-10 01:15:03,2025,12
Uygulama surekli atıyo acılmıyo,2,2025-12-10 00:38:56,2025,12
paycell den hiç memnun değilim kalite de 0 çözüm müşteri memnuniyeti 0 o yüzden Turkcell den başka gsm e geçicem fatura bittikten sonra.Turkcell in uygulamalarını kullanmayacağım.,1,2025-12-10 00:20:45,2025,12
Kartımdan para yükliyecem diyer karta yüklenmiyor yardım edin lütfen,4,2025-12-09 22:18:16,2025,12
kayıtlı faturaların düzenlemek için adı değiştir bölümde klavye açılmiyor,3,2025-12-09 20:39:12,2025,12
hayatımda gördüğüm en kötü kartlardan birisi hesabımı doğrulamayı çalışıyorum hata verip verip duruyor uygulamada teknik bir sorun var diyip duruyor önceki hesabım doğrulanmış hesaptı ancak ne para yatırabiliyorum nede para çekebiliyorum sadece sanal kart kullanabiliyorum para transferi yapıcam işleminize onay veremedik diyor hayatımda bu kadar iğrenç bir kart görmedim,1,2025-12-09 20:00:11,2025,12
yüz tanımayı yapana madalya veriyorlar hiçbir türlü calismadi,1,2025-12-09 18:03:49,2025,12
aslinda mantık ama 3ayda bir komisyon alınması yüzünden kapattim,2,2025-12-09 17:20:38,2025,12
Aylık 20 TL kart ücreti kesiliyor. Bankalar dahi kesmezken paycell kendinde bu hakkı buluyor. Aman dikkat.,1,2025-12-09 14:55:34,2025,12
Karta aktarırken çok para kesiyorlar vergi çok kimseye tavsiye etmiyorum kesinlikle resmen vergiyi bindirmişler düzeltilmeli,5,2025-12-09 02:31:32,2025,12
giriş yapılmıyo bile,1,2025-12-09 00:18:14,2025,12
1 Yıldızı bile hak etmiyor kimlik dogrulama yaparken ekran kaydetme istiyor izin verdigimde kimlik dogrulama kısmını sıfırlıyor sonrasında cok fazla deneme yaptınız diyerek hata veriyor yüz okumayı söylemek bile istemiyorum lutfen yüzünüzü uzaklastirin diyor ne kadar uzaklastirsamda algılamıyor sonrasında dogrulamada bir hata oluştu diyerek uygulamayi kapatıyor bu uygulamayı yapan kisilere kaç para verdiniz bilmiyorum ama galiba ucuza yapmışsınız,1,2025-12-08 22:40:57,2025,12
çok güzel bir uygulama,5,2025-12-08 20:01:08,2025,12
"Paycell uygulama oldukça güvenli ve çok rahat bir kullanım sunuyor, aynı zamanda sorun gidermede ivedi bir görüşmeyle ve çözümlerle olumlu sonuçlar alınıyor.ben çok memnun oldum teşekkürler Turkcell Paycell iyi çalışmalar.",5,2025-12-08 16:02:15,2025,12
kestiği paranin hatti hesabı yok devlet bile vergi yuklerken bu kadar geçirmiyor saçmalığa uzak durun,1,2025-12-08 13:16:27,2025,12
müşteri desteği rezalet hiç ilgilenmiyorlar. kart doğrulaması bozuk kartımın bütün bilgileri doğru ama yanlış diye hata veriyor daha yeni aldığım kartı ekliyemiyorum. ve bu 2. kart alışım oldu ikisindede aynı hatayı verdi.,1,2025-12-08 12:48:13,2025,12
paycell pismanliktir hesabiniza bloke koyulur gunlerce bekletilirsiniz uzak durun,1,2025-12-08 09:45:30,2025,12
kredi kartiyla kiymetli maden alisverisi yaptim.herhangi bir guvenlik ihlali yapmadigim halde guvenlik bahane edilerek herhangi bir aciklama yapilmadan aninda sanal kartima bloke konuldu.24 saati coktan astigi halde herhangi bir geri donus yapilmadi kac gundur magdur edildim paraya aninda bloke koyup sonrasinda neden saatlerce donus yapilmadi.gerekli mercilere sikayette bulunacagim paycellden dolayi en yakin zamanda 3 tane turkcell hattimi ve superonline internetimi iptal edecegim.,1,2025-12-07 21:31:37,2025,12
salla topladan kazandığım 2500 puan geldiği gibi yok oldu kullanamadım,1,2025-12-07 18:34:07,2025,12
ben fiziki kart ayrı Turkcell mağazasından aldım ama iban oluşturamıyorum ve bundan dolayı hesap doğrulaması istiyor kimliğimi okutuyorum NFC özelliği olmasına rağmen selfie çekiminden sonra hata veriyor nedenini anlamıyorum kartımı bu nedenle kullanamıyorum bu durumu bir an önce duzeltirseniz sevinirim,3,2025-12-07 14:50:53,2025,12
dolaptan alışveriş yapamıyorum kartınız sanal pos işlemlerine kapalıdır diyor,3,2025-12-07 10:33:15,2025,12
uygulama gayet güzel müşteri temsilcileri bir sorun olduğunda hızlıca geri dönüş yapıyor tek sorun doğrulama biraz zor kimliği algılaması çok uzun sürüyor,5,2025-12-05 22:04:55,2025,12
kuranıma boş bir uygulama indirme kardeşim .,1,2025-12-05 21:51:35,2025,12
bildirimin kapalı olduğu halde sessizde olduğu halde toplantı halindeyken rızam olmadığı halde Sonses bildirim gönderiyorsunuz yorumu dikkate almanızı istirham ederim,1,2025-12-05 19:06:35,2025,12
uygulamayı indirdim fakat açılmadı bu sorun çözülsün herkes görsün diye 5 yıldız verdim.,5,2025-12-05 15:52:16,2025,12
düzeldi,5,2025-12-05 11:53:57,2025,12
güncelleme de hata,1,2025-12-05 07:51:18,2025,12
harikulade,5,2025-12-05 04:50:41,2025,12
salla topla hata veriyor,1,2025-12-05 00:04:05,2025,12
"Yatırım menüsünü sıkı kullanan birisi olarak; Sadece altın gümüş platin değilde, bunun yanında çeşitli dövizlerinde olması gerekli bence.",5,2025-12-04 19:59:26,2025,12
İşleminizi gerçekleştiremiyoruz hatası alıyorum turkcelliyim hattım faturalı değil faturalı mı olması lazım?,5,2025-12-04 19:51:35,2025,12
Mükemmel,5,2025-12-04 13:07:34,2025,12
güzel,5,2025-12-04 11:06:34,2025,12
berbat bir uygulama salla topladan puan veriyor iki gün sonra geri alıyor arkadaşını davet et diyor ediyordun puan veriyor bu seferde puanlarına kısıtlama koyuyor,1,2025-12-03 22:33:39,2025,12
5 yıldız verdim yorum üste gözüksün diye saçma bir sistemi var cihazda NFC yoksa hesap yükseltmıyor birçok özellikten hizmetden yararlandırmıyor,5,2025-12-03 19:47:30,2025,12
basit yapmalısınız,1,2025-12-03 13:26:49,2025,12
Girmemeye kimligi okutmamaya devam edin siz,1,2025-12-03 10:20:13,2025,12
innal ve papara kullaniyordum eskiden onlar kapanınca paycell geldim on numara Turkcell çalışanlar güvenli bir ekip innal papara bitti kendileri bitirdiler yasal bahis filan.,5,2025-12-02 17:59:48,2025,12
"Turkcell'den ikide bir mesaj geliyordu yok salla topla paycellde her hafta şu hediye,2500 puan hediye bilmem ne diye en sonunda indirdim yine ilk salla topla sadece 1 gb vermişti onun dışında hee hafta 100 puan veriyor o yüz puanla da bir şey alınmıyor ve 7 gun sonra yok oluyor zaten aşırı saçma indiridgime pişman oldum",1,2025-12-02 16:42:25,2025,12
web siteniz gerizekalı gibi davranıyor otc doğru girilmesine rağmen hata veriyor kabul etmiyor düzelir iseniz sevinirim,1,2025-12-02 16:10:13,2025,12
ne kartı kapatırlar ne doğrulama yapabilirler tam olarak bu kart neden var? sizden hat kimin üstüneyse onun üstüne yapın diye kim dedi de siz yapıyorsunuz? kartı kapatmak istiyorum onun içinde müşteri hizmetlerini arayın diyorsunuz. ne işe yarıyorsunuz tam olarak?,1,2025-12-02 15:57:34,2025,12
böyle uygulamanın,1,2025-12-02 07:47:51,2025,12
"her para yukleme isleminde kimlik tanitma problemi, uygulama istisnasiz herdenemede hata veriyor, sonrada kisa surede cok denediniz diyor, ben denemiyorum, uygulama kabul etmiyor, bir sorun oldu diyor aciklama yok, uygulamada ciddi problemler var.",1,2025-12-02 01:51:15,2025,12
Uygulamada ismimi değiştiremiyorum annemin ismi yazıyor ve su uygulamaya bir guncelleme gerek yani ismimi bile değiştiremiyorum lütfen bizi müşteri temsilcileri ile ugrastirmayin lütfen 🙏,2,2025-12-01 20:13:42,2025,12
böyle sorumlu müşteri desteği görmedim şifremi unutmama rağmen şifre sıfırlama linkini istiyorum adamlar bir hafta inceliyor beş para etmez bir uygulama sakın indirmeyin,1,2025-12-01 13:18:16,2025,12
bu uygulamayi kullanmadan nefret ettim. sürekli telefonumda bu uygulamanın çıkması yigrenc,1,2025-12-01 11:38:33,2025,12
paysell uygulamacilari acaba ben sabahin dördünde ne yaptimda 20 kusur tl faturama yansidi uygulamayi kaldirali aylar oldu uygulamata girip nasil gaspedildim acaba derken giremiyorumda yok yuztanima yok selfi bu ne kafa birikerine benim resmimle sahte kimlik verilmiycegini nasil bilicem . sabah sabah uğraştiğim seyebak lutfen kontrol edin bizede biyle dolambaçli yollar gisterip bezdirmeyin,1,2025-12-01 09:16:43,2025,12
paycell giremiyorum sifremi hatırlamıyorum ne yapmam gerekli,1,2025-11-30 19:21:10,2025,11
berbat bir kart bence sadece bir işlem için aldım kartı doğrulamaya çalışıyorum hata verip duruyo yetkililere sesleniyorum uygulama ile ilgili bir sorun var bakmanızı öneririm kartı almayı düşünenlere hiçbir şekilde önermem,1,2025-11-30 19:13:50,2025,11
Uygulama açılmıyor,1,2025-11-30 17:34:34,2025,11
İlk kullanma ya basladımda mutluydum şimdide mutluyum kesinlikle öneriyorum güzel uygulama,5,2025-11-30 11:45:56,2025,11
bir yıldız verdim çünkü dekont özelliği yok olması lazım,1,2025-11-30 09:38:48,2025,11
cok iyi,5,2025-11-30 04:25:30,2025,11
ÇOOK MEMNUNUN HIZLI VE KULLANIŞLI 5 G GELİNCE BU HIZA YETİŞMEK Amaci ile geleceğime yön vereceyim😂🤲😢😀🌛,5,2025-11-29 22:21:43,2025,11
paycell fatura tutarı neden bu kadar çok anlamadım,2,2025-11-29 22:18:49,2025,11
hesabıma giremiyorum güvenlik nedeniyle durdurulmuştur diyor sorun cözülmesi gerek,3,2025-11-29 21:05:38,2025,11
Google Play' ile paycell Turkcell faturalandırmasını ekleyemiyorum yardım edermisiniz,5,2025-11-29 20:53:49,2025,11
ya kardeşim şifreyi unuttuk diyede aramamız lazımsa bu uygulama güven koruma açısından çöp demek ya mesela hesap yok kaydola bassam bile beni giriş yapa sokması ayrı bişey düzeltin,1,2025-11-29 14:50:44,2025,11
uygulama hiç iyi değil tavsiye etmem doğrulamaya çalışıyorum olmuyor çok kez denedim ne indirin ne kullanın.,1,2025-11-29 14:12:34,2025,11
Giris bile yapılmıyor nasıl bir uygulama farklı telefondan bile denedim olmadi,1,2025-11-29 13:06:41,2025,11
en son karttan para çekmeye çalıştığımda ne çekebiliyor nede internet üzerinden kullanabiliyordum nasıl düzeltecez,5,2025-11-29 12:14:01,2025,11
"Haftalardır 100 paycell puan hiçbir fonksiyonu yok ama adı ödül!? Son derece fahis komisyonlar alan bir uygulama ornegin hazir limitten karta akataracaginiz tutara yaklasik %10 yakin komisyon aliyor bu dunyadaki en fahis oran, tefeci komisyon oranlari haric.Uygulamadaki diger sorunlarda cabasi cok da gerekli olmayan bir uygulama.Yorumumun oncelenmesi icin 5 yildiz vermek zorundayim.",1,2025-11-28 22:52:00,2025,11
sakın indirmeyin para tuzağı 400 tl işlem ücreti alıyorlar,1,2025-11-28 20:56:44,2025,11
"Normal bir banka gibi yetkileri var fakat işleyiş konusunda hindistan sokak lezzetleri gibi. Daha önce hesabım vardı. Tekrar yükleme kararı aldım. Kimlik doğrulaması yaptım ve selfie aşamasına gelince hata verdi. Bu kadar salakça bir uygulama yaparken neyi düşünüyordunuz merak ediyorum. İnsanlarla resmen dalga geçiyorlar. Kullanmayın abi böyle uygulamalar, şirketler para kazanmasın. Kendi ülkemizde bile böyle insanlar yüzünden 2'yi 3'ü geçtim 4. sınıf insan yerine konuluyoruz",1,2025-11-28 05:36:23,2025,11
paycell kartın aldığım parayı helal etmiyorum,1,2025-11-27 22:44:48,2025,11
bildirim geldi normal msjdan salla topladan hediyen seni bekliyor 1 GB diye salladım daha puanı interneti alamadan uygulama bı anda çıkış yaptı sonra girdim baktım hiçbir şey yok gelmedi lütfen sorunu çözer misiniz,1,2025-11-27 20:03:07,2025,11
iyi,5,2025-11-27 19:33:22,2025,11
hesabımı doğrulamak için NFC istiyor ama cihazımda NFC özelliği olmadığı için para yükleyemiyorum,1,2025-11-27 15:29:15,2025,11
ne biçim bir uygulama devamlı hata veriyor salla topla diyor salladiktan sonra uygulamadan hemen atıyor 1 aydır bu sorunu yaşıyorum düzgün bir uygulama yapın bu nedir ya,1,2025-11-27 09:29:14,2025,11
heran elimin altında kredim hazır mükemmel,5,2025-11-27 09:04:57,2025,11
uzun süre oldu ve salla topla dan 2500 puan aldım ama kullanamıyorum,1,2025-11-27 06:11:50,2025,11
Fatura Ödemelerinde Komisyon Kesiyormu?,5,2025-11-26 22:08:39,2025,11
2 sene önce futbol lisansı için çıkardığım foto ve kimlik ile paycele kayıt olmak istedim ancak herşeyi yapip fotoğraf çek kısmına geldiğimizde kimlikteki foto ile beni eslestiremiyo rezalet,1,2025-11-26 16:15:18,2025,11
hediye felan vermiyor sadece 100 puan veriyor ve o puana hiçbirşey alınmıyor insanları borçlandırmak için kurulmuş uygulama 500 lira faturana yansıt uygulaması ile insanları borçlandırıyor kesinlikle indirmeyin ❗❗,1,2025-11-25 23:50:11,2025,11
Böyle saçma bir uygulama olamaz hattın eski sahibinin ismi yazıyor talep oluşturmama rağmen bir haftadır güncellenmedi hiçbir şey yapamıyoruz rezillik,1,2025-11-25 21:29:58,2025,11
paycell açılmıyor,1,2025-11-24 16:08:27,2025,11
"beş para etmez bir uygulama, tam turkcell işi",1,2025-11-24 15:55:07,2025,11
ilk başta mağazadan kartımı aldım ve orada işlemleri yapıp kartıma kaydolmus bir sekilde çıktım eve geldiğimde kartı açtım buraya kadar problem yok ama sonra bilgilerimi girmeye başladım fakat asla tamamlıyamadım hep işlem başarısız oldu düzelir diye bekledim bugün ise uygulamaya hiç giriş yapamadım böyle bir şey olamaz acilen düzeltilmesini istiyorum daha kartı kullanmadan sorunlarla karşılaşıyoruz,1,2025-11-24 15:37:12,2025,11
çok iyi halen daha kullanıyorum.,5,2025-11-24 15:11:45,2025,11
uygulamaya geç giriyor bazen de girmiyor,1,2025-11-24 15:07:40,2025,11
uygulamaya giriş yapamıyorum sürekli hata veriyor,1,2025-11-24 15:02:38,2025,11
İşlemini gerçekleştiremiyoruz. İşlemini şu anda gerçekleştiremiyoruz. Lütfen daha sonra tekrar dene. hatası alıyorum sonra giriyor ama şifre yanlış hatası alıyorum,1,2025-11-24 14:21:13,2025,11
Kimlik doğrulama ve yüz tarama yaptığım halde bugün tekrar yapmamı istedi. Olan iban da gitmiş. Kimlik doğrulama yaparken de uygulamada geçici hata uyarısı veriyor. Bu kritik hatayı çıkaran ve bu tasarımı değiştiren yazılımcılara teşekkürlerimi iletiyorum.,1,2025-11-24 11:47:54,2025,11
hesap onaylamak için kimlik doğrulaması yapacağım ama program algılamıyor,3,2025-11-23 23:14:58,2025,11
Yani bu kadar anlamsız bir doğrulama olamaz. Neredeyse 1 haftadır deniyorum ve hiç bir türlü doğrulamayı her şeyi doğru yapmama rağmen almıyor hata veriyor.,1,2025-11-23 15:33:58,2025,11
çok güzelbuldum,5,2025-11-23 14:21:23,2025,11
Benim 10000 puanım vardı hepsi giri,1,2025-11-23 11:40:39,2025,11
yine Türkcell ne kadar berabat olduğunu yazmaya gerek duymuyorum,1,2025-11-23 10:12:45,2025,11
sakın kullanmayın hayatımda gördüğüm en kötü banka uygulaması iceride 1000tl param kaldı alamıyorum ne destek cevap veriyor Ne NFC özelliği bir işe yarıyor tam 1 saat boyunca NFC için uğraştım sürekli bir sorun çıkıyor destek talebime yanıt verin,1,2025-11-23 00:31:45,2025,11
Güzel uygulama gayet iyi tek sorunu Qr kod ile para yatılamaması onun dışında güzel ama Qr ile yatırma gelmeli 👍🏻,5,2025-11-22 19:41:02,2025,11
almayın doğrulamada yüz taramada yanlış yaptım diye artık doğru yapsamda hata veriyor boş uygulama,1,2025-11-22 18:16:14,2025,11
Uygulama çok güzel mükemmel ❤👍😊 (✪‿✪),5,2025-11-22 00:04:05,2025,11
çok kötü 400 liramı yemiş,1,2025-11-21 23:48:22,2025,11
teşekkür ederim paycell İnternet lazımdı bana herzaman böyle İnternet verseniz puan vermeseniz,5,2025-11-21 22:43:12,2025,11
paycel fiziksel kartımı internet alışveriş de kullanamadım aradım müşteri hizmetlerini yardımcı olmadılar,1,2025-11-21 19:29:21,2025,11
dag basinda kaldim hesabimda 1500 tl olmasina ragmen hattima hic bir turlu yukleme yapamadim musteri hizmetlerini aradim bana geri zekali muamelesi yapildi yuksek not verme sebebim aciklamayi herkes gorsun ve birdaha bu uygulamayi kullanmadan once 2 kere dusunup oyle karar versin ben artik paycell kullanmiyorum,5,2025-11-21 18:17:18,2025,11
Uygulamayı indirdim sonra kart satın aldım kartı girdim buraya kadar sorun yok onay isteyecektim hatasız sorunsuz olmasına rağmen işlem gerçekleştirilemiyor diyordu kart kayıtlıydı zaten yine baktım ondanmı diye bu seferde kartım gitmiş kaydettiğim SMS olarak kart şifresi gelmişti cüzdanımdaydı ama sonra baktığımda gitmiş işlemleri yapamıyorum üstüne kartım cüzdanımda gözükmüyor tekrar kaydettiğim dedim kartı bu seferde kart kaydetme limiti doldu diyor bu hatayı hemen düzeltmenizi rica ediyorum,1,2025-11-21 16:59:40,2025,11
Berbat bir uygulama. Papara kapandı diye bunu indiriceksebiz sakın indirmeyin. 1 yıldız bile fazla yıldız vermeden yorum yapılsa yıldız bile vermem.,1,2025-11-21 13:44:53,2025,11
giriş yapamıyorum şifremi unuttum değiştirmek istiyorum ama olmuyor,1,2025-11-21 10:50:10,2025,11
üye olmak istiyorum ama olamıyorum sim kardıyla uygulamaya girdğin numara aynımı diyor,1,2025-11-20 20:58:40,2025,11
kimlik doğrulaması yapılmıyo a,1,2025-11-20 18:59:43,2025,11
inşallah ininal ve papara gibi kapanmaz,5,2025-11-20 17:49:03,2025,11
login ekranında şifremi girdikten sonra dashboard ekranına atmıyor. Bozulmuş,3,2025-11-20 15:36:55,2025,11
ya bak uygulama iyi ama şu kimlik doğrulama yapmak istediğimizde nfc özelliği istiyorya NFC özelliği olmayanlar nasıl yapçak ya yapamıyorum yetkililer kaldırın şu NFC ya,3,2025-11-20 08:06:16,2025,11
cüzdan doğrulamasın da her seferinde hata veriyor doğrulama yapmayınca da dolayısıyla para yukleyemiyorsunuz.musteri hizmetleri de yapacak birşey yok diyor turkcell bayisine yönlendiriyor çok saçma,1,2025-11-19 21:34:29,2025,11
Bir puanı bile hak etmiyor hesap kuramiyorum ek olarak kurmadigim hesabı dondurdular mk,1,2025-11-19 13:26:03,2025,11
Paycell e giriş olmuyor,1,2025-11-18 20:52:55,2025,11
Ya kendime kart alacaktım 1 kart 100 TL yapmışsınız çoğu şeyin bedava yolladığı karta ben neden 100 TL ödeyeyim???,1,2025-11-18 18:56:11,2025,11
hesabımı doğrulama da sorun yaşıyorum hep hata oluyor.,1,2025-11-18 18:35:31,2025,11
Müşteri temsilcisine bağlanmak imkansız gb birşey,1,2025-11-18 13:32:46,2025,11
Şuanlık bir sıkıntı yok gibi,3,2025-11-18 06:33:17,2025,11
zor zamanlarımda yanımda olan siz paycell ekibine teşekkür ederim.,5,2025-11-17 23:41:51,2025,11
giriş. yapamıyorum mail adresinize yonlendiriyorsunuZ oraya yazıyorum telefondan arayın diyorsunuz acıyorum telefon hizmetimiz kapandı maille ulaşın diyorsunuz yıllardır kullandığım hesabim kapandı siz bilirsiniz alternatifiniz yok değil,1,2025-11-17 13:07:27,2025,11
son güncellemeden sonra Paycell uygulaması üzerinden kredi kartımdan Faturalara otomatik ödeme talimatı veremiyorum banka onayı bildirimi için gelen şifreyi onaylama sayfasına döndüğümde girmeden paycell ana ekranına dönüyor .,5,2025-11-17 05:33:13,2025,11
nahalet bir sistem sörekli mesaj geliyor neden neden mesajları kısıtlayın,1,2025-11-17 01:08:29,2025,11
SAKIN YÜKLEMEYİN BOŞ YERE KART PARASI VERİRSİNİZ ALIRSANIZ KİMLİK DOGRULAMASİNDA ÇEŞİTLİ ÇEŞİTLİ BAHANELERLE HATA VERDİGİNİ İDDİA EDİYOR,1,2025-11-16 23:29:19,2025,11
Şartları nız hoşuma gitmedi veri işleme çerez yazdığımı defalarca sildirdiniz neden ugrasamki ora bura yazmaya aramaya şartları belirlemeliyiz siz bize muhtaçsınız sizin bize ihtiyacınız var kuralları Biz koymalıyız işinize geliyosa veri toplama paylaşma vs vb yine hoşuma gitmedi kapatın hesabı 1krş bile vermiyeceğim kullanmayacağımda 16 haziran sonrasında yeterince icralığım sizde verin alın alabilirsen bilgileri mizi neden sattınız hayat pay sizin isminizi yazarak sms gönderiyor s kapat hesabı,1,2025-11-16 22:53:45,2025,11
salla kazanda ne kazandığımızı göremiyoruz ki kendini kapatıyor madem öyle al sana 1 yıldız,1,2025-11-16 16:16:58,2025,11
Paycell doğrulama işlemi NFC olmayan cihazdada yapılabilmeli.,5,2025-11-16 14:59:35,2025,11
ne parası be kullanamadığı bir uygulamaya birde faturamı yatıracağım insanlarınan dalgamı. geçiyorsunuz siz hiçbir yıldızı hak etmiyorsunuz insanları mağdur ediyorsunuz türkcel buna bir care bulsun kullanmadığım pay cebe onbinlira fatura cıkarmış bu neyin nesi pay cebi kimseye tavsiye etmiyorum 👎👎👎👎,1,2025-11-16 09:42:56,2025,11
üstte görünsün diye 5 yıldız verdim uygulamayı az önce yükledim ama giriş yapamıyorum kayıt olmam lazım ama olamıyorum,5,2025-11-16 01:29:15,2025,11
ben bu kadar kötü bir uygulama kart sistemi görmedim kimlik tanımlanmıyor paranızı çekemiyorsunuz veya sanal mağzalarda alışveriş yaparken kart hiçbirşeyi kabul etmiyor hata veriyor bu yüzden almayın 1 yıldızı bile haketmiyor,1,2025-11-15 18:27:55,2025,11
Bayadır kullanmıyorum bu kartı ve uygulamayı bu sefer kullanmam gerekti şifremi unuttum yapıyorum tüm işlemleri tamamlıyorum bu seferde sistemde hata diyor düzeltin şu lanet uygulamayı artık,1,2025-11-15 09:02:46,2025,11
bakiyemi aktardım kart ödeyecektim param var limit 0 yazıyor,5,2025-11-14 10:21:10,2025,11
bokkkkkkk,5,2025-11-13 23:25:15,2025,11
Kayıt olurken numaramı yazdığımda güvenlik nedeniyle oturumunuz sonlandırılmıştır diyor neden bunu çözülmesini istiyorum,1,2025-11-13 20:56:09,2025,11
İSTEDİKLERİ ZAMAN PARALARA BLOKE BOYUYORLAR.güvenlik nedeniyle oturumuz sonlanmıştır diyor hesaba erişemiyorum. KULLANMAYIN BUNU. HESABIMDAKİ PARALARI GASP ETTİLER.,1,2025-11-13 15:01:18,2025,11
Aşırı İyi Kullanışlı Hiçbir Sorun İle Karşılaşmadım,5,2025-11-13 09:47:18,2025,11
normal daha denemedim çünkü kargo konusunda sıkıntı oldu kargom nerde sistemde gözükmüyor belkide daha kuryeye bile verilmedi üstüne kaç gündür gelmedi bekliyorum sıkılıdm gerçekten benimle irtibata geçerseniz çok mutlu olurum karta ihtiyacım var okul açılacak öğrenciyim bu yünden aldım kartı(eğer ulaşırsa 5 vericem normalde güzel kart ben seviyorum),1,2025-11-13 09:11:38,2025,11
keşke telefon numarası yerine e posta istese benim numaram babamın üstüne diye hesap açamıyorum lütfen düzeltin,3,2025-11-13 07:45:00,2025,11
başkası benim hesabı açmış lütfen hesabımı sıfırlayın,2,2025-11-12 16:58:35,2025,11
"inanılmaz iyi oyun alışverişlerime çok uygun kampanyalar veriyor.Bazı haftalar ücretsiz olarak 50-75TL civarında para veriyor,her harcamanda en az %20 indirim sırf paycell için Turkcell i olurum sizi paycell uygulamasına bekliyorum",5,2025-11-11 23:08:22,2025,11
iğrenç rezil bir uygulama.,1,2025-11-11 15:28:32,2025,11
illallah ettiren saçma doğrulama süreci sonrası nefret edip sileceginiz bir uygulama. siliyorum. gerek yok bence,1,2025-11-11 15:05:50,2025,11
1 aydan fazladir iban olusturamiyom sürekli hata veriyo sorun giderilsin istiyom,1,2025-11-11 13:27:16,2025,11
güzel. bir uygulamas,5,2025-11-11 12:19:07,2025,11
numara mı taşıdım ama kartımda param var di hepsi gitmiş ama benden çekilen parayı tahsil ediyor bu durumun düzeltilmesini istiyorum bu durum duzeltilmezse gerekli yerlere bildirim yapacağım durumun acilen düzeltilmesini istiyorum,1,2025-11-11 11:05:56,2025,11
müşteri hizmetleri ile görüşemiyorum şifremi değiştirecek yol bulamıyoum berbat,2,2025-11-10 21:37:15,2025,11
çok memnunum,5,2025-11-10 17:26:20,2025,11
yükleyip boşuna zaman kaybetmeyin,1,2025-11-10 13:52:16,2025,11
papara kalatıldı mecburen buna geçiyorum bakalım,4,2025-11-10 13:16:48,2025,11
iyi günler paycell giriş yapamıyorum şifremi unuttum,5,2025-11-10 11:57:33,2025,11
çok güzel beğendim,5,2025-11-10 11:14:45,2025,11
"berbat bir sistem,yükselen limitimi 5/1e düsürmüsler.",1,2025-11-10 00:10:36,2025,11
kötü,1,2025-11-09 23:03:19,2025,11
yaw giremiyorum şifre mi unutuma basıyorum doğrulama ya basıyorum yok kod gelmiyor,5,2025-11-09 18:48:21,2025,11
iy,5,2025-11-09 16:47:43,2025,11
Başka telefona para gönderirken not ekle kısmına not ekleyemiyorum. Daha önce ekleyebiliyordum. Sorunumu çözünüz,1,2025-11-09 15:44:00,2025,11
Hesabım sebepsiz kapatıldı ...,1,2025-11-09 15:22:15,2025,11
"salla topla yapamıyorum, sallama hareketini algılamıyor",1,2025-11-09 14:57:38,2025,11
kimlik onayı ve selfie işlemini düzgün yapmama rağmen hata veriyor kullanamayacak mıyım?,1,2025-11-09 12:43:25,2025,11
daha 2 gün önce indirdim 100 TL Kart parası ödedim hesabima 2200 TL para atıldı eşime atacaktım sistemsel hata diyip durdu UYGULAMA ARADIM yaptık dediler 3 dakika sonra deneyin dediler param HALA İCERDE KALDI ESİM MAĞDUR OLDU GECE HİC BİR İBANA ATAMADIM VE BİZE MAİL ATTİN GMAİL GELEN KUTUNUZU KONTROL EDİN DEDİLER 9 SAAT.OLDU PARAM BU UYGULAMADA İNDİRMEYİB ASLA 100 TLMİDE İSTİYORUM KART PARASI PARAMI ALİM İLK İŞİM UYGULAMAYİ SİLMEK.,1,2025-11-09 09:29:40,2025,11
08.11.2025 TARİHİNDE KAYIT OLMAK İCİN KİMLİK FOTOĞRAFININ ÖN VE ARKA FOTOĞRAFINI İSTEDİLER BENİM ÜZERİMDEN HERHANGİ BİR İŞLEM YAPILIRSA BENİM ALAKAM YOKTUR.,3,2025-11-08 20:36:46,2025,11
mükemel uygulama internete ihtiyacım olduğunda veriyor👏🏾🫱🏾🫲🏾,5,2025-11-08 18:20:24,2025,11
"ilk fırsatta komisyon kesiyor vede kartala interneten alışveriş yapmak sıkıntı, kimlik doğrulaması düzgün çalışmıyor heryerde hata veriyor bir yıldızdan daha az verebilseydim verirdim",1,2025-11-08 15:05:50,2025,11
Şifremi unuttum ama uygulama içinde değiştiremiyorum. İlla aramam gerekiyor ama şu an arayamıyorum ve hesabıma da giremiyorum. Saçmalık.,1,2025-11-08 14:13:27,2025,11
rezalet bir uygulama,1,2025-11-08 00:04:40,2025,11
Hesap doğrulanmıyor,1,2025-11-07 22:04:35,2025,11
kayıt olmak istiyorum ama giriş yap diyor napicaz,5,2025-11-07 21:48:52,2025,11
Böyle saçma bir güvenlik prosedürü olamaz. Bir ay içerisinde 2 ayrı cihazdan giriş yaparsam paycell im kapanıyor ve bir ay giriş yapamıyorum. Be kardeşim telefonumu değiştirirken sanamı sorucam istersem 5 kez değiştiririm telefonumu şifrem var benim ve sen buna müdahale edemezsin hesabı kapattım zaten bir dahada kullanmam. Bu arada bankalarda bile yok böyle güvenlik.,2,2025-11-07 16:36:03,2025,11
"Daha uygulamayı kullanmaya başlayalı neredeyse 1 ay olmasına rağmen, uygulamaya girmeye calistigimda hiç bir neden yokken içinde bakiye mevcutken ""güvenliğiniz nedeniyle oturumunuz sonlanmistir"" hatası vermeye başladı. bir türlü giremiyorum. Sikayetvardan cozeceklerini söylediler. En kısa sürede mağduriyetimin giderilmesini istiyorum. Düzenleme: Hesabım 3 haftalık bir sürecin sonunda açıldı. Sorunumu çözdükleri için teşekkür ederim ancak bundan sonra kullanmama kararı aldım.",4,2025-11-07 10:41:17,2025,11
bütün puanlarım yandı kullandirmadi tuzaklar başka birsey degil,1,2025-11-07 10:35:30,2025,11
bu uygulama tamamen rezalet giriş yapa tıklıyorum telefon numaramı giriyorum kod gelmiyo 10-15 dakika bekliyorum yine gelmiyor. Lütfen bu hata düzeltilsin,1,2025-11-07 07:37:42,2025,11
"hesabım güvenlik sebebiyle oturum sonladrmistr diyor rezil oldum kendi paramla rezil oldum böyle bı uygulama yok muhattap bile bulamıyorsunuz .,...............................................,.............................................................,,......",1,2025-11-06 23:22:27,2025,11
"Duzenli olarak Fatura ya yansit limitimi kullanmama ragmen,bugun haber verilmeksizin ani limit dusurmeniz anlamsız. Sabah alisveris yaparken kasada magdur oldum ve hala ne bir cozum nede bir ozur yok.",1,2025-11-06 19:18:36,2025,11
Müşteri hizmetlerine bağlanamıyorum arıyorum buradan hizmet veremiyoruz diyorlar hesabımda para kaldı hiçbir şekilde karttanda işlem yapamıyorum acil dönüş bekliyorum,5,2025-11-06 17:49:42,2025,11
KARANLIK MODU GETİRİN HEMEN!,1,2025-11-06 17:26:04,2025,11
severek kullandığım uygulama fakat puanların karşılığı günümüzde çok düşük siz herşeye zam yapıyorsunuz neden puanların karşılığı artmıyor 1250 puan 10 TL iyide 10 TL'ye ne kaldı ki play store de sakız parası oldu artık anlamsız yani puan biriktirmek,5,2025-11-06 17:25:03,2025,11
Önce limitimi 5000 tl ye yükseltip sonra tekrar 3000 tl ye düşürmenin mantığı nedir? hemde hiç bir bilgilendirme yapmadan. Asla ama asla tavsiye etmiyorum Turkcelle ait hiç bir şeyi kullanmam büyük pişmanlıksınız.,1,2025-11-06 05:06:12,2025,11
1tl dahi harcasan 50 kuruşunu geri veriyorlar Bunlar manyakişler,5,2025-11-06 04:44:00,2025,11
beğendim. bayağı güzel,5,2025-11-05 23:05:18,2025,11
"NFC İLE HESAP YÜKSELTMEDEN İŞLEM YAPMIYOR,AYRICA İŞLEM YAPMADIYSANIZ HER AY İÇİN 20₺ KESİYOR ÇAKALLAR!!!",1,2025-11-05 20:08:40,2025,11
cok kotu daha hesabi dogrulayamiyorum bile,1,2025-11-05 19:00:30,2025,11
Arayüz Çok Yavaş . İsmim Uygulamada Yanlış Gözüküyor E Posta İle İsim Değişikliği Taleb Ediyorum Ama Geri Dönüyorsunuz,3,2025-11-05 07:07:20,2025,11
Baglanmasi biraz zaman aliyor. Menuler arasinda gezerken bazen takilmalar oluyor. Cihazimda acilista donma problemi yasatiyor.,4,2025-11-04 22:18:41,2025,11
Ya böyle uygulamamı olur kimlik okutuyoruz selfie ekranında izni veriyoruz bidaha izin bidaha izin sonra red yiyoruz onaylıyamiyoruz,1,2025-11-04 21:14:26,2025,11
"kimlik doğrulaması yapamıyorum selfie aşamasını yaptıktan sonra biraz bekliyor sonra hata veriyor, 18 yaşından küçüğüm veli onay için de kimlik doğrulaması gerekiyor ama yapamıyorum",1,2025-11-04 19:54:40,2025,11
kötü,1,2025-11-04 19:03:15,2025,11
nasıl bir uygulama ya giriş yapıyorum yapacağım işlemin üstüne basınca çıkış yapıyor kendiliğinden lütfen sorun çözülsün,2,2025-11-04 19:02:07,2025,11
Co iyi,5,2025-11-04 18:19:25,2025,11
bankaların kestiği faizin iki katını kesiyor kullanmayın bu uygulamayı,1,2025-11-04 17:48:40,2025,11
"yaklaşık 2-3 gün önce kayıt olmaya çalıştığımda sim kart ile buraya yazdığım numaranın aynı olmadigini söylüyordu doğru yazsamda bugün bidaha denedim nasil olduysa oldu ancak simdide hesabı onaylatirken selfie kisminda birturlu yüzümü tanitamadim kimlik footsu ergenlik öncesi olduğu için tipde değişiklik var ancak bir sürü daha ön ödemeli kart markasına kayıt oldum ve hepsi kabul etti,onlar nasıl ediyor neyse umarım buda düzelir ilerleyen zamanlarda ne olduğunu yazarim",1,2025-11-03 22:19:10,2025,11
büyük kolaylık... gerçekten...,5,2025-11-03 20:46:40,2025,11
kendini istemiyorum dışı yükletiyordunuz,1,2025-11-03 07:18:53,2025,11
Root ile kullanılamayan her uygulamaya gereken yıldızı verin,1,2025-11-03 00:36:40,2025,11
muq,5,2025-11-03 00:03:57,2025,11
Hesap şifresi unuttuğumuz da Şifre değiştirmek için illa müşteri temsilcisi ile konuşup halletmek gerekiyor. Bu kadar saçma bir şey yok. Teknoloji çağındayız. Şifre değişikliği için SMS veya E-posta ile değiştirilebilmesi gerekiyor. Bir kullanıcı olarak şifreyi unutup değiştirmek için bu kadar zahmet çektiğim için aldığım hizmetin kötü olduğunu söyleyebilirim. Şifreyi unutup değiştirmek bu kadar zor olmamalı. Alternatif firmalar bu konuda daha iyi.,1,2025-11-02 00:24:39,2025,11
"en son güncelleme ile,oğluma para gönderemiyorum",4,2025-11-01 16:13:28,2025,11
papara uygulaması kapandıktan sonra buraya gelenler bizikkoooo,5,2025-11-01 16:02:26,2025,11
"çok yavaş uygulama. Kartı sipariş ettirmek için adres giriyorum, uzun kelimeler diyor, kabul etmiyor ama parayı çekiyor. İlginç.",2,2025-11-01 12:26:00,2025,11
bir türlü giriş yapamıyorum şifremi oluşturduktan sonra e postamı girince açılmıyor lütfen ama lütfen bu sorunun düzeltilmesini istiyorum,1,2025-10-31 19:22:49,2025,10
harika ötesi bir uygulama,5,2025-10-31 12:11:47,2025,10
paycell salla kazan da kazandığım paycell puanları hep yani 100 puan yazıyor ama puan vermiyor lütfen bu sorunu giderin,3,2025-10-31 08:53:30,2025,10
Cok uzun kafa katistici,2,2025-10-31 08:47:31,2025,10
giriş yapılmıyor hep hata hep hata,1,2025-10-30 16:44:51,2025,10
"Uygulamayı indirdim ama bir türlü giriş yapamıyorum, kaç defa denedim kod gelmiyor",1,2025-10-30 16:03:41,2025,10
Değerli Paycell Ne Zaman Nakit Para Transfer İşlemini Kullanıma Açmayı Düşünüyorsunuz Acaba,1,2025-10-30 15:36:08,2025,10
çok güzel uygulama,5,2025-10-30 00:31:11,2025,10
Çok saçma bi uygulama olmasa daha iyi yapacağınız işi tam yapın şifresini hatırlamayan biri kurtarma kodunu nasıl hatırlasın saçma bi uygulama yapmışsınız tam bir zeka geriliği ahhahahahaha,1,2025-10-29 23:34:52,2025,10
Türkcell kullananlar için müthiş,5,2025-10-29 18:50:37,2025,10
hesapta 2093Tl bakiyem var ama bir hatadan kaybakli parayı kullanamıyorum müşteri hizmetleri ile görüştüm ikametgah belgesi ile birlikte türcell bayiye gidin dedi KENDİ PARAMİ KULLANMAK İÇİN İKAMETGAH ADRESİMİ ÇİKARİP BAYİYEMİ GİTMEM GEREKİYOR.,1,2025-10-29 15:11:00,2025,10
cokiyi,5,2025-10-29 06:20:54,2025,10
şifremi unuttum seçeneğini tıklıyorum kod gönderiyor. kodu giriyorum girişte sorun yaşıyorsanız arayın diyor. kardeşim kodu giriyorum neden arayayım. ara veya geri dön yazıyor. mecburen geri dönüyorum ve uygulamayı siliyorum. daha gönderdiği kodu girmeme rağmen yardımcı olmuyor telefonda bana nasıl yardımcı olacak.,1,2025-10-28 22:07:10,2025,10
iyi,5,2025-10-28 21:33:07,2025,10
çok güzel ve şık ama bana 20 TL gönderebilir misiniz,5,2025-10-28 15:31:31,2025,10
Daha kötü bir uygulama görmedim. Turkcell kalitesinden çok ama çok uzak. Vakit kaybından başka bir şey değil.,1,2025-10-28 13:09:03,2025,10
en öne gelmeei oçin 5 puan verdim yoksa vermezdim türk Telekom lu olduğum için ayrımcılık yapıyorlar Turkcell lilere bir sürü internet verirken bize hiç vermiyorlar,5,2025-10-28 10:40:54,2025,10
neden e-postayla giremiyorum,1,2025-10-27 19:42:08,2025,10
Gerçekten Çok Güzel Sorunsuz Bir Uygulama,5,2025-10-27 19:23:09,2025,10
iyiyi,5,2025-10-27 18:17:16,2025,10
fatura ödeme olmuyor para aktarım olmuyor,1,2025-10-27 16:20:52,2025,10
hiç yardımcı olmuyorsunuz,1,2025-10-27 16:09:40,2025,10
××ş××ş işş şş××40 iş,2,2025-10-27 13:51:19,2025,10
karta aktar kullan var yapıyoruz olmuyor ariyoruz saatlerce bekliyoruz yazık gerçekten,1,2025-10-27 12:51:32,2025,10
eskiden kredi kartı ödeme yapıyordum artık oda olmaz oldu ee biz neden kullanaıyoruz paycell kartını yani ne havale var ne kart borcu ödeme var böyle bir şey olabilir mi ey paycell ödeme yapacam ben fakat yapamıyorum böyle saçmalık görülmedi 1 yıldız bile hak etmiyorsunuz turkcell bu durumu düzeltmeli yoksa komple bırakıyorum sizi nokta,1,2025-10-27 11:33:06,2025,10
cihazimda nfc yok diye doğrulama yapamıyorum işlemim yarida kaldi rezalet uygulmama,1,2025-10-27 08:18:30,2025,10
Paycell Uygulaması Çok İyi Herkesin Kullanmasını Tavsiye Ediyorum,5,2025-10-26 22:45:38,2025,10
uyeligimi iptal ettigim halde odeme yansiltilmiş yaziklar olsun size,1,2025-10-26 12:21:11,2025,10
Değerli Paycell Ne Zaman Nakit Para Kullanımı ve Çekimine Açmayı Düşünüyorsunuz Acaba Uygulamayı,1,2025-10-26 03:29:37,2025,10
berbat para transferi yapmıyor ne başka ibana ne kendi ibanima parayı yalan ettiler kaldı öyle,1,2025-10-25 23:18:50,2025,10
karta para aktar diyor aktarıyoruz. 99 tl kesiyor. kendimize çekemiyoruz alış veriş yapamıyoruz. eee ne yapacam ben bu paysel kredisini? miilleti tuzağa düşürüp parasını almaktan başka bişey değil.,1,2025-10-25 17:10:26,2025,10
ben özgür bir halife Ömer Orhan Gencebay beni bana hayrinisanı ama unutmak mümkün olur mu diye bana atarmısın ne zaman ve nasıl internet sitesi Sancak ama unutmak için sevmedim çünkü o da ne bileyim işte böyle çark ne zaman açıklanacak olan,5,2025-10-24 20:36:00,2025,10
"Her para hareketi komisyon kesintisi içeriyor. Galaxy Watch uygulaması yüklü olduğunda telefon uygulaması çalışmıyor. Saat uygulaması da zaten hiç bir işe yaramıyor, neden var anlaşılmıyor!! Para gönderme komisyonu çok yüksek. Papara'ya geri döneceğim. Kendi onaylı hesabıma dahi komisyon ile para gönderiyorum. EFT için ücret alan banka mı kaldı yahu. İstanbulkart için hala anlaşması yok, bu da ayrı bir olay.",1,2025-10-24 19:29:40,2025,10
uygulamaya bugün giriş yapamıyorum güvenlik nedeniyle oturumunuz sonlandırıldı diye yazıyor,1,2025-10-24 16:20:52,2025,10
paycelle parayatirdim guvenlik nedeni ile işleminiz sonlandırıldı deniyor sebep nedir nasil kurtarılır hiç bir şekilde ilgilenen yok hesaba giremiyorum yatırdığım parayi kullanamıyorum güvenip işlem.yapmayin sorun ile ilgilenen kimse yok,1,2025-10-24 00:27:34,2025,10
paycel yaramaz.para yatırmaya bile para kesiyor.bide Türkcel olacak.vodafon pay kart da ücretsiz bütün atm lerde.,1,2025-10-23 22:15:45,2025,10
Uygulama şifremi unuttum arıyorum yine şifre istiyor müşteri hizmetlerine nasıl ulaşacağız veya telefona şifre gönder niye yok,3,2025-10-23 09:26:07,2025,10
Doğrulama işlemi çok kötü olmuş 15 yaşındayım ve doğrulama yapmak için kimliğinde fotoğraf istiyor ailemin izni var doğrulama için fakat kimliğinde fotoğraf yok ailem kendi kimlikleri üzerinden doğrulama yapmasını istemiyor ve ben Pay cell A. Ş Gmail den mesaj yazdım fakat saçma saçma şeyler gönderdiler bu yüzden Çok kötü bir kart sorunumu çözene helal olsun. ve bu durum diğer kartlarda yok ben bu kartı aldığım için pişman oldum eğer sorunum düzelir se 5 yıldız vereceğim düzelmesi kardeğişcem.,3,2025-10-22 21:10:38,2025,10
100-150₺ harcama yaptık aylık 45₺ üyelik ücreti ödetiyorlar. Yüklemeyin..,1,2025-10-22 20:16:13,2025,10
güzel bir uygulama teşekkür ediyorum,5,2025-10-22 11:08:44,2025,10
faturama 45 tl ücret yansımış üye değilim arıyorum bir muhatap bulamıyorum,1,2025-10-22 10:59:28,2025,10
güzel uygulama puan gönderme limiti yükselse çok güzel olur sanki,5,2025-10-22 09:52:01,2025,10
çekim yapılan tutarın şahsi kişisel banka hesabımıza çekimi konusunda artık işlemler açılsın ve sonrası daha kullanışlı ve müşterilerin dikkatini çekersiniz bunuda biz söyleyelim bakalım,2,2025-10-22 01:42:25,2025,10
harika bir uygulama çok memnunum,5,2025-10-22 01:31:20,2025,10
apodan dolayı beğendim,5,2025-10-21 21:39:12,2025,10
harikasın,5,2025-10-21 19:27:57,2025,10
dolandırıcı,1,2025-10-21 07:23:27,2025,10
benzin ve akaryakita QR ile yüzde 15 diyor ama daha önce kazandığım akaryakıt şirketini bu ay kafasına göre silmiş vermedi 150 TL yi. o zaman belli firmalar üye işyeri vs demeniz lazım. kurumsalligi açıklayıcıligi benim ögretmem gerekmez sanırım koskoca turkcel sirketine,1,2025-10-20 20:49:33,2025,10
giriş yapamıyorum,5,2025-10-20 18:08:35,2025,10
Duzeltin şu hataları paket satın alacam kendiliğinden çıkış yapıyor,1,2025-10-20 14:25:57,2025,10
paycell güzel Bir yıldır kullanıyorum harika,5,2025-10-20 13:15:44,2025,10
Türkiyede paycell para çekme var mı ? kaldırıldı denildi,4,2025-10-20 12:03:24,2025,10
uygulama iyi ama takımlara özel kartlar olsa daha iyi olur,3,2025-10-19 21:50:49,2025,10
Paycell kolaylık,5,2025-10-19 19:08:40,2025,10
Uygulamayı gerçekten çok beğendim öğrenciler için harika bir finans uygulaması sadece kesintileri olmasa muazzam olurdu ama bu hâliyle de gayet başarılı.,5,2025-10-18 18:13:07,2025,10
daha once başka kredi kartindan para yükleyip diğer kartı ödüyorduk şimdi ise ödeme yaptırmıyor bu ne iştir böyle,1,2025-10-18 00:06:50,2025,10
Rezil bir uygulama,1,2025-10-17 21:24:38,2025,10
Haber vermeden herşeyi değişmiş puanlarım 0 lanmış para verip aldığım paycell kart iptal edilmiş bravo tebrik ediyorum bu şekilde devam edin 👎👎👎,1,2025-10-17 17:32:17,2025,10
ciddi zaman kaybi. yuz tanimayi asla gecemezsiniz.,1,2025-10-17 10:47:01,2025,10
İZNİM DIŞINDA 3-4 KEZ FATURANA YANSİT İPTAL EDİLİP PARA CEKİLDİ REZİL BİR UYGULAMA,1,2025-10-17 09:04:26,2025,10
Allahın dediği olur,5,2025-10-16 22:07:38,2025,10
eskisi gibi calişmiyor girerken uygulamadan atiyor👎🏼,1,2025-10-16 21:11:41,2025,10
"Çocuğu özellikle telefon kullananlar bu uygulamaya karşı çok dikkatli olun, yoksa uçuk bir fatura ile karşılaşırsınız, mağduriyetim hâlâ giderilmedi, Asla kullanmam 😡",1,2025-10-16 20:58:11,2025,10
Hiçbir yerden para yükletilmiyor. şokta yapamıyoruz diyor turkcell bayileri yükletmiyoruz diyor. eğer harçlık için falan kullanacaksanız iyi uygulama.,3,2025-10-16 19:34:55,2025,10
sırf yorumum gözüksün diye 5 yıldız verdim uygulama 1 yıldız bile hak etmiyor sebebi is ÖDEMEM REDDEDİLİYOR halbuki kartta para var,5,2025-10-16 18:45:37,2025,10
20 gündür para iadem gelmedi müşteri temsilcisi sürekli 30 gün içerisinde diyip geçiştiriyor para iadem gelince direkt sileceğim ve bir daha kullanmayacağım,1,2025-10-16 18:15:10,2025,10
cok saçma bir uygulama haftada 1 kere salla topla var 100 puan veriyo onunda zamanı var siliniyor hiç bir işe yaramıyor çok kötü bari biriksin ya,2,2025-10-16 17:56:25,2025,10
karta aktarılan bakiyeyi kullanamıyorum.sanal kart birincil kart yazıyor..70 tl paycell kart aldım sadece 250 tl aktarabildim.türkcell bayii çalışanları bile çözemediler.980 tl duruyor öyle.bende uygulamayı iptal ettim.vesselam.aynen duruyor.olmuyor.,1,2025-10-16 16:09:00,2025,10
qr kodla ödeme yaparken işleminize devam edemiyoruz sonra tekrar deneyin diyor ve qr ile ödeme almıyor para benden çıkıyor ve geri iade geliyor,1,2025-10-16 15:08:14,2025,10
Sürekli önüme reklam geliyor bundan sıkıldım lütfen yapmayın,1,2025-10-16 12:06:14,2025,10
"Uygulama içerisinde ne yaparsam yapayım sürekli ""Güvenlik nedeniyle tekrar giriş yapmanız gerekiyor"" deyip kapaniyor.",1,2025-10-15 17:14:03,2025,10
bilgim olmadan seksen TL hesabimdan kesilmis sebebi lütfen. bilgi verirmisiniz.,5,2025-10-15 12:27:54,2025,10
e mail şfremi yenileyemiyorum bide NFC istiyor bu zamanda kimin telefonu NFC ki bunu düzeltin hakaret etmek istemiyorum üstüne vergide alıyorsunuz düzeltin bunu bide uygulama için 5 yılız vermedim yukarda dursundiye verdim uygulamayı güncelleyin günah kardeşim biraz daha zaman geçsin silecem,5,2025-10-13 19:40:32,2025,10
Sürekli kapanıyor,5,2025-10-13 13:47:59,2025,10
güzel uygulama,5,2025-10-13 01:01:18,2025,10
kimlik doğrulama adımıni farklı cihazlarla defalarca denememe rağmen geçemedim. araba siparişi vereceğim ancak bu sebepten dolayı sipariş veremiyorum. bir işlem insanı bu denli yormamalı !!!,1,2025-10-12 19:23:06,2025,10
Paycell uygulamasında Android telefonum üzerinden kimlik doğrulama işlemi yapmak istiyorum ancak her denememde “Kimlik tarayamadık” şeklinde bir hata alıyorum. Özellikle NFC ile kimlik taraması aşamasında bu sorun sürekli olarak karşıma çıkıyor ve işlem hiçbir şekilde tamamlanmıyor. Uygulamanın en güncel sürümünü kullanıyorum ve işlemi farklı zamanlarda defalarca denememe rağmen sonuç değişmedi. İşlemleri Siverek’te gerçekleştirdim. Paycell hesabıma bağlı müşteri numaramın son dört hanesi 5767’,1,2025-10-12 19:04:15,2025,10
başarısız uygulama boş boşuna türkcell fatura ödüyorum,1,2025-10-12 13:53:50,2025,10
salla toplada hep 100 puan veriyor saçmalık cidden 1 yıldız bile fazla bu uygulamaya her perşembe 100 puan ya nasıl oluyor bu açıklar mısınız bana,1,2025-10-12 12:04:46,2025,10
Faturasız hat için Paycell limiti her ay düzenli olarak kullanıyorum ama 2 yıldır hâla 750tl çok düşük bir miktar limitlerin 750 tl de sabit kalması çok saçma Lütfen limit arttırımı yapın.,5,2025-10-12 11:13:09,2025,10
"iki gündür giriş yapamıyorum, işleminizi gerçekleştiremiyoruz daha sonra dene diyor. müşteri hizmetleri ile de görüştüm hesapta hiçbir sorun olmadığını söyleyip giremeyişime şaşırmak dışında bir şey yapamadılar. çözüm bekliyorum.",1,2025-10-12 01:33:35,2025,10
Hesabim Olmamasına Rağmen Faturaya Yansıt Kapalı Olmasına Rağmen 360 TL Para Yansıtılmis Paycell Adına Faturamı Acil Çözüm Rica Edeyirum,1,2025-10-12 01:24:42,2025,10
lütfen şu puanlarla hediye alma hakkı sınırsız yapın çok saçma şu saçmalığı düzeltin ve şu sala toplayıda düzeltin full 100puan veriyor kazı kazan getirin bunları yaparsanız çok iyi olur.....:),3,2025-10-11 23:23:29,2025,10
TL ve paket yükleme yapamıyorum,1,2025-10-11 17:08:23,2025,10
mobiotv den 229 tl çekildi aynı dakika aradım iptal için cekilen üçret iade edilmiyormuş kullanmadığım bişey için üçret almak adalet mi haram zıkkım olsun,1,2025-10-10 22:24:27,2025,10
"Bu kadar saçma bir uygulama olamaz, email adresimi güncelleyemiyorum. Herhangi bir bilgi güncellemesine izin vermiyor.",1,2025-10-10 17:58:48,2025,10
kimlik doğrulama işlemi olmuyor hata veriyor,1,2025-10-10 09:57:15,2025,10
.a bu .,1,2025-10-09 16:12:09,2025,10
rezil.,1,2025-10-07 23:42:24,2025,10
Paycell pişmanlıktır arkadaşlar hiç. Bir şekilde yardımcı olmuyorlar kendi uygulamasının içerisinden bile iletişime geçemiyorum müşteri hizmetleri yönledirmesine rağmen ( üste gözüksün diye 5 yıldız veriyorum) tavsiye etmiyorum hiç bulaşmayın mümkünse türkcell ve paycellden uzak durun,5,2025-10-07 21:36:20,2025,10
Uygulama güncelleme istiyor. Güncellemeyi yapıyorum suanda yaptı bitti. Ama girilmiyor,1,2025-10-07 12:57:48,2025,10
5 aydır paycell'e giriş yapamıyorum numara şifremi yazıyorum kon gönderiyorlar ama 5 aydır kod gelmiyor ne kadar yetkili varsa görüştüm bir çaresini bulamadılar hala da giriş yapamıyorum ne kadar uğraşsam'da,1,2025-10-06 23:39:49,2025,10
"Kredi kartıyla yükleme yapılmıyor, mail gönderiyorum ilgilenen yok",1,2025-10-06 18:36:45,2025,10
yeni şifre oluştur diyor ama onay tuşu basmıyor,1,2025-10-06 13:26:41,2025,10
lütfen artik uygulamayı düzeltin iki tane kartımın olmasına rağmen (biri sanal) baska bir kart ekleyemiyorum. kartın limiti doldu diyor lüfennnn düzeltin artiikkk,2,2025-10-05 17:55:49,2025,10
Ne zaman uygulamaya girmeye çalışsam olmuyor. Sürekli bir sıkıntı çıkıyor. Çok kötü bir uygulama,1,2025-10-05 09:48:24,2025,10
sürekli uygulama dan atıyor ve şifre istiyor çıldırdırıcam,1,2025-10-04 14:41:47,2025,10
dolandırıcı sahte alışveriş yapıldı SMS atarak sisteme insan çekip olamayn para var gibi gösterip seni borclandiran sahtekâr Turkcell firmasi,1,2025-10-04 08:39:33,2025,10
faturana yansıt limiti kaç ayda bir yenileniyor,5,2025-10-04 04:13:11,2025,10
paysl hesabim aylardır donmus naptysam olmdi çağır merkzini bile ardim onlr birisuru saçma sapan sler suyeldi hep sni doğruldum halde onlr bile bisy yapmdi,1,2025-10-02 17:51:48,2025,10
bu uygulamayı vodafone'dan mı öğrendiniz vodafone'un Vodafone paydiye uygulaması var o uygulama çok üç kagıtcı vede dolandırıcı bir sistem kesin bu uygulamada o şekildir ben kullanmak istemiyorum kullanmayacağım Ve hiç kimse kullanmasın tavsiye Vodafone beni 5 bin tl zarara uğrattı O yüzden turkcell'e geçtim Turkcell'de o şekil uygulama yapacaksa Turkcell'de terk ederim,1,2025-10-02 13:45:29,2025,10
Sürekli yüz tanıma sisteminde anlık hata var diyor ve doğrulama yapamıyorum.,1,2025-10-02 07:56:47,2025,10
sadece 100 puan veren gereksiz bir uygulama yüklemeye bile gerek yok arkadaşlar,1,2025-10-02 00:45:31,2025,10
"böyle uygulama olmaz olsun devamlı hata veren uygulama bıktırdınız Türkcell ile tüm bağlarımı kopartım lad olsun diye uygulama yapıyor milyon para veriyor kerem Bursin,ne doğru dürüst işin uzmanını teslim etmiyor yazıklar olsun",1,2025-10-01 23:47:26,2025,10
Doğrulama işlemi sürekli hata veriyor,1,2025-10-01 21:57:37,2025,10
harikasınız hizmetiniz 5yıldız hizmet...,5,2025-10-01 14:26:30,2025,10
ben böyle bişey yapmadım faturama niye bu parayı yansıtıyorsunuz pisli herifler kabul etmiyorum paysel nedir bilmiyorum,1,2025-10-01 04:50:49,2025,10
bana sormadan para çekmesini açıklar mısınız ?,2,2025-10-01 01:50:26,2025,10
uygulamaya giriyorum aciliyor tekrar kapaniyor ekra basa sariyor,1,2025-09-30 17:17:16,2025,9
Çok kötü ve boş bir uygulama,1,2025-09-30 10:19:19,2025,9
5 yıldız verdim en üste gözüksün ben böyle bişi görmedim kartı iptal ettirdim benden aylık 30 TL kesio bu çözülsün,5,2025-09-29 11:50:12,2025,9
Rezalet,1,2025-09-28 20:57:39,2025,9
"para gönderilmiyor ve çeşitli platform'lar dan da alışveriş yapılamıyor pos kapalı diyor, doğrulama'da selfie kısmı adımı gittikten sonra yeşil ✅ vermiyor ve hata veriyor bu hata 1 sene'den fazladır var paycell'den nefret ettim kapatıcam komple net yeter artık yetti bu ne sanki CİA binasına merkezine giriş yapıyoruz aşırı derecede abartılı bir sözde güvenlik sistemi var.! 😡😠😤😬",1,2025-09-28 20:06:58,2025,9
39₺ lik oyun alışverişine 50₺ aidat alan uygulamamı bu? yoksa yoksa fatura geç ödendi diye 70₺ geç tahsilat bedeli alan uygulamamı!,1,2025-09-28 18:52:49,2025,9
zaman israfı,1,2025-09-28 15:57:11,2025,9
kartım internet alışverişi aktif olmasına rağmen internet alışverişi yaparken onaylanımıyor bankanız izin vermiyor deniyor bu sorunun çözülmesini arz ediyorum,1,2025-09-28 15:46:42,2025,9
almayın aldırmayın çöp,1,2025-09-28 03:55:17,2025,9
mükemmel,5,2025-09-28 02:01:14,2025,9
daha önce yorum yapmıştım değiştirdim ve Teşekkür ediyorum gerçekten güzel uygulama,5,2025-09-27 19:50:56,2025,9
para yükledim.Sonrasinda alışveriş yaptım.Kalan parayı çekmek için 7 lira ücret talep ediyor.kendi paranızı kendi hesabınıza geri çekmek için para ödemek zorundasınız.Uzak durun uygulamadan,1,2025-09-27 14:14:13,2025,9
çok hüzel bir uygulama,5,2025-09-27 11:52:50,2025,9
benim numaram üzerine biri paycell e girmiş alışveriş yapmış ve ben yapmadığım şeyin faturasını ödemek zorunda değilim lütfen biri yardım etsin bana,5,2025-09-27 10:27:35,2025,9
giriş yap Mak çok zor ve saçma,1,2025-09-27 01:27:22,2025,9
oldukça iyi bir sıkıntı yok 2 hafta boyunca kullandım sıkıntı çekmedim,5,2025-09-26 23:58:26,2025,9
telefonu salıyorum ama bos hediyemi göremiyorum,1,2025-09-26 23:54:59,2025,9
Sevgi sadakat ile Vessalam,5,2025-09-26 23:48:18,2025,9
bana ilk alışverişinin %50 iade mesajı geldi. iade verdiler. yetmedi her ayda 45 tl aylık ücret alıyorlar. iptal etmek için uğraş dur. Bu ülkede bunlara izin verdikleri için yalan ve dolandırıcılık resmi olmuş. benim iznim olmadan 45 tl nasıl alıyorlar. milyonlarca 45 tl aldıklarının hesabımı yapabiliyor musunuz?,1,2025-09-26 17:47:26,2025,9
berbat bı uygulama ilk defa açıp yurt dışı transfer yapalım dedik sistem hata verdiği gibi üstüne paramiza bloke koydu,1,2025-09-26 15:40:39,2025,9
güzel,5,2025-09-26 09:27:18,2025,9
Guzel uygulama,5,2025-09-25 17:12:23,2025,9
süper,5,2025-09-25 15:18:07,2025,9
QR İLE ÖDEME YAPAMIYORUM SÜREKLİ HATA VERİYOR,1,2025-09-25 00:05:19,2025,9
Dünyanın en gereksiz uygulaması,1,2025-09-24 20:06:57,2025,9
şu mobil veriden işlem yapma huyunuzu sonlandırın artık annemin sim den açmak için annemi zor ikna ederek telefonu alıp hesaba girdim ztn daha hala mobil veri istiyor kendi kartımı eklemek için kesin şunu artık,3,2025-09-24 19:44:45,2025,9
sizin Allah belanızı versin kara 130 lira para falan attım neyse oyunda biraz birşeyler almak istedim hep hata aldım 2 saat onunla uğraştım dediler karta para yok bakiye gözüküyordu e alışveriş ac dediler açtım ama olmadı gerçekten diyecek söz bulamıyorum yazıklar olsun geçen zamanima,1,2025-09-24 17:52:02,2025,9
"Eğer kampanyaları kullanacaksanız inanılmaz avantajlı bir uygulama, özellikle Turkcell müşterisiyseniz. Bankaların aksine kampanyalardan faydalanmak için 200-250tl'lik harcamalarınız bile yetiyor. Fatura ödeme ve kıymetli maden işlemleri bu yılın sonuna kadar ücretsiz yapılmış. Kimlik doğrulama problemleri yaşıyorsanız Turkcell bayisine gidip kolayca çözebilirsiniz. Müşteri hizmetlerini mesai saatleri içerisinde ararsanız çok rahat ulaşabilir ve kaliteli hizmet alabilirsiniz.",5,2025-09-24 16:22:31,2025,9
iyi,5,2025-09-24 15:03:36,2025,9
kayıt oluşturamıyorum hatq veriyor işlemi şuan gerçekleştiremiyoruz diyor,1,2025-09-24 11:10:29,2025,9
giriş yapamıyorum uygulamaya işleminizi gerceklestiremiyiruz yazısıyla karşılaşıyorum sürekli,2,2025-09-23 09:58:25,2025,9
",................,..................................,şifre belirlemek istiyorum farklı sayılar kullanıyorum artı fatura yansıt tarih güncelleme var diyor..,,,...........,...........,,..,....................................................",1,2025-09-23 08:46:13,2025,9
merhaba şifremi unuttum giriş yapamıyorum yeni sifrede alamıyorum uygulama sorunlu sanirim yardımcı olur musunuz,3,2025-09-22 16:45:35,2025,9
KIMLIK DOGRULAMASINI GERCEK GORUNTUYLE UYUSTURAMIYOR BİLE DAHA SONRA TEKTAR DENEYİNİZ İSLEMİNİZİ GERCEKLESTİREMİYORUZ UYARISI VERİYOR CUZDAN OLARAK KULLANILABİLECRK BİR UYGULAMA DEĞİL GELİSTİRİLMESİ GEREKİYOR.,1,2025-09-22 16:05:03,2025,9
giriş yapamıyorum. işleminizi gerçekleştiremiyoruz. güvenlik nedeniyle oturumunuz sonlandırılmıştır diyor. Türkiye'nin en pahalı operatörünün müthiş (!) uygulaması bu kadar oluyor,1,2025-09-21 18:36:13,2025,9
play store girdiginde para girmeyelim,1,2025-09-21 17:29:01,2025,9
iki de bir salla topla mesajı geliyor bakıyorum bişey yok,5,2025-09-21 11:56:18,2025,9
merhabalar ben önceden bilmeden bir sürü sanal kart oluşturdum silmeye çalıştım ama olmadı yeni kart eklemeye çalıştım maksimum adete ulaştı diyor boşuna markettrn paycell kartı aldım lütfen şu sanal kartları silermisiniz,5,2025-09-21 10:27:52,2025,9
Hemen yetkili birileri görsün giriş yapmıyor param var içinde ayıp,3,2025-09-21 08:55:51,2025,9
sürekli şifre istiyor hiçbir işe yaramıyor yukmeye hiç gerek yok,1,2025-09-20 11:17:36,2025,9
"güncellemeyle, turkcell hattıma paycell üzerinden tl yada paket yüklemek istediğimde, ana ekrana atıyor sorunun düzeltilmesini istiyorum android. sürüm 8.0 , diğer işlemlerde hiçbir sorun yok kullanabiliyorum.",3,2025-09-20 06:29:39,2025,9
"Neden Turkcell değil de ""Turktell"". Bu bir yazım hatası mı ?",3,2025-09-20 01:42:34,2025,9
Cok iyi,5,2025-09-19 21:36:44,2025,9
diğer operatör için de acık olsaydı güzel olurdu,1,2025-09-19 17:25:58,2025,9
internet paketleri sadece 3 defa alınabiliyor gerçekten berbat sınırsız hediye alabilmek çok iyi olurdu,1,2025-09-19 16:17:57,2025,9
ben kazan kazandan oynadım ilkkinde para çekti ama puanımı vermedi sonra denedim oldu ama iki kere para çekildi lütfen yardımcı olurmusunuz,3,2025-09-19 09:33:24,2025,9
çok iyi,5,2025-09-18 23:45:47,2025,9
benim paycl hep gövenlik nedeniyle açılmiyor nebiçim uygulamadır anlamadım hiç memnun değilim,1,2025-09-18 23:18:58,2025,9
bu kartla ne kadar çok telefon alabilirim,1,2025-09-18 21:06:50,2025,9
"ne yapsam ne etsem kimlik dogrulamasi yapamiyorum, hata veriyor uygulama. uygulamanin icindeki destek bolumunden sorunu bildireyim dedim, orda da hata verdi. bu nasil bi uygulama ya? insanlar burda para sakliyor ve kullaniyor.",1,2025-09-18 15:37:35,2025,9
stabil değil,1,2025-09-18 12:05:01,2025,9
Özellikler şok marketlerde alışverişlerde sürekli sıkıntı çıkaran bir program.,1,2025-09-17 18:52:57,2025,9
çok iyi özellikle marketlerde geçmesi,5,2025-09-17 16:00:26,2025,9
salla topla bi işime yaramıyo 100 puan veriyo diyenin sırası gelince bidaha bitiyo düzeltin,1,2025-09-17 14:57:49,2025,9
Türkiye TEKiRDAG CORLU ve HAMZA SARIŞIN ALGÜL ve 👍💙💛💯💫🖐️.,5,2025-09-16 19:57:12,2025,9
abonelik ücreti,1,2025-09-16 16:32:17,2025,9
geliştirilmeli,5,2025-09-16 03:23:24,2025,9
Paycell Tiko surekli sorunlu giriş yapılmıyor veya kullanılmıyor sosyal medyada büyümeyi buradan yapamiyoruz,1,2025-09-15 23:03:31,2025,9
reklam çıktı geç tuşuna bastım ama inmişti kendini zorla indirtti,1,2025-09-15 21:31:56,2025,9
veli onayı istiyor tüm ailemi yapıyorum kaç oldu olmuyor birde karta para verdik 2 gündür de O kadar ugraşıyoruz ayıp kardeşim,1,2025-09-15 19:43:28,2025,9
uygulamaya giriş yapamıyorum kod geliyor giriş yapamıyorum ama kodu giriyor um diyor ki para isteme sıtatusu dolmustur,1,2025-09-15 13:34:22,2025,9
Uygulamadan kimlik doğrulaması yapamıyorum ve neden olmadığı ile ilgili yönlendirme de yapamıyor.,1,2025-09-15 09:40:11,2025,9
mükemmel,5,2025-09-14 23:02:26,2025,9
berbat bi uygulama şifreyi değiştir diyorum kodu gönderiyor tamam onuda giriyoz sonra diyo paycell servisi arayın diyor lan bu ne saçma iş telefon numaramı girdim şifreyi değiştir işte neden bukadar uzatıyorsunuz yüklemiyorum bidaha,1,2025-09-14 22:28:01,2025,9
"Birikmiş puanlarımdan Yemeksepeti için kupon aldım, uygulamaya kodu girince bu kupon belirli müşteriler içindir diye uyarı veriyor ve kodu eklemiyor. Boş yere puanımı yediniz.",1,2025-09-14 22:11:52,2025,9
çok kötü bir uygulama,1,2025-09-14 22:06:21,2025,9
kafasına göre abonelık yapmış bu nedir,1,2025-09-14 20:06:28,2025,9
Çok güzel uygulama memnun oldum,5,2025-09-14 17:17:28,2025,9
mükemmel bir uygulama,5,2025-09-14 15:08:39,2025,9
açılmıyor güvenlik sorusun da kalıyor kullanacağımı sanmıyorum daha başlamadan sorun,1,2025-09-14 14:37:14,2025,9
İlk olarak Uygulama gayet kullanışlı bunu belirtmem gerekiyor uzun süredir kullanıyorum ve son zamanlarda uygulama arayüzü olsun kampanyaları olsun iyi bir şekilde gelişti hatta kampanyaları yüzünden daha fazla kullandığım oldu. diyeceksiniz neden 3 yıldız verdin sebebi hediyeler kısmı sadece 3 hak var puanları bazen internetim bitiyor diyorum puanımda varken alayım 1 gb ama gel görki hakkın bitmiş ve hak gelene kadar puanında süresi bitiyor lütfen ya 5 hak yapın yada istediğimiz kadar alalim,3,2025-09-14 13:33:37,2025,9
"Yüklemeye demez b,, Gibi",1,2025-09-13 17:16:52,2025,9
bütün sifrelerimi unuttum ve peyselde kimlik dogrulamasi yapamıyorum bir uygulamaya girecem ama ödeme yapamadığım için giremiyorum,1,2025-09-12 20:21:24,2025,9
türktelekom hattında paycel puanından yararlanıyormu,5,2025-09-12 03:05:00,2025,9
Muzaffer Cicilli B ehliyet sınavını 94 puanla gecti Muzaffer cicilli B ehliyet sınavını 98 puanla gecti geçti,5,2025-09-12 01:49:20,2025,9
uygulamada paytiko arama yaptıktan sonra üzerine tıklayınca uygulamyı kapatıyor atıyor yardım edin,1,2025-09-11 13:44:55,2025,9
Guzel bir uygulama teşekkür ederim,5,2025-09-11 02:50:04,2025,9
çok iyi bir uygulma çok beğeniyorum,5,2025-09-10 12:20:00,2025,9
ne para transferi yapiyor ne de alisveris hic bir ise yaramiyor,5,2025-09-09 16:50:13,2025,9
son 3 gundur dogrulama kodu glmiyor...,1,2025-09-09 14:34:33,2025,9
"veli beyanı ekranı denilen bir kısım var faturaya yansıt kullanılması için bilgileri giriyorsun son kısımda işlem başarısız uygulamayı güncelleme istiyor, sonrasında destek hattından destek istiyorsun her seferinde uygulamayı güncelle diyorlar ekran görüntüsü atıyorsun video at diyorlar vs sonuçta 7 defa uygulamayı sildim ve yeniden yükledim sonuç başarısız sistemin eksikliği sonucunda uğraşıp duruyorsun",1,2025-09-09 14:22:40,2025,9
3es emi s,4,2025-09-09 12:26:59,2025,9
begenmiyenler yuklemesin aq. Bence mükemmel bir uygulama 10/10'luk yani.,5,2025-09-08 23:05:17,2025,9
turkcelden çıkmak üzereyim 1 donem fatura yatirmadigimiz için hemen hattimizi kapatiyorsunuz oyuzden en kısa zamanda kapatacam hattimi,1,2025-09-08 21:14:43,2025,9
hocam şifre yenilemek istiyorum müşteri hizmetlerine aktarıyor 20 yıllık türkcell hattıma saygısızlıktır bu,1,2025-09-08 17:50:57,2025,9
berbat 1 yildızı dahi hak etmiyor hesabımdan 4 kere bir miktar para çekilmeye calışildı bunun için paycellin müşteri hizmetleri numaraları her neyse şikayet için arıyorum fakat bir türlü ulaşamıyorum üstüne hesabımi kendim dahi kapatamıyorum bir turkcel şubesine gitmeme gerek yada iletişime geçerek kapatmam gerekiyor bu nasıl bir hizmet,1,2025-09-08 16:22:35,2025,9
tasarımı en kötü uygulamalardan biri türkcell li olmasam uygulamanın yüzüne bile bakmam Papara gibi bir arayuz gelmeli,3,2025-09-07 19:58:08,2025,9
🥰😍🤩,5,2025-09-07 07:25:51,2025,9
arkadaşlar indirmeyin insanları kazikliyolar Google player oyun indirdiniz deyip her ay siz farkına varmadan para kesiyolar sonr aaradiginizda paycell le alakasi yok diyolar ben çok aşırı paralar ödedim sakın paycell e indirmeyin ben aylardır paralarimi. iadesini b kliyorum hâlâ ödeme yok dolandiriyolar,1,2025-09-07 02:44:50,2025,9
Uygulamasında kampanyaları çok iyi stotify ve YouTube gibi uygulamada yarı geri vermesi iyide şu para transfer ücret alması çok saçma onunda kaldırılırsa tam 10 numara bir uygulama olur bence,4,2025-09-06 21:30:10,2025,9
Ben adımı nasıl değiştirebilirim?,4,2025-09-05 20:47:29,2025,9
Çok güzel kazandığım kuponla 2 tane bazuka tavuk döver ve kutu kolayı 137 ₺ alabiliyorum,5,2025-09-05 19:40:25,2025,9
heryerden para kesiyor kesinlikle kullanmayın iptal için 1 saat uğraştım,1,2025-09-05 18:45:21,2025,9
veli beyanı işlemini bir türlü tamamlayamadı güncel versiyonu yükle diyor zaten güncel versiyonu yuklu,1,2025-09-05 14:34:06,2025,9
ana sayfada bakiye gözükmüyor düzelt çabuk,2,2025-09-05 09:43:19,2025,9
normal,4,2025-09-04 20:22:56,2025,9
hiç memnun diilim hesabım bloke oldu onca param boşuna gitti,1,2025-09-04 19:40:02,2025,9
Teşkürler,5,2025-09-04 13:29:46,2025,9
paycell bir hediyeden 2 kez alabiliyoruz e kalan puanlarım haftaya gidicek napcam ben,5,2025-09-04 00:01:53,2025,9
yaklasık 1 aydır kullanıyorum gayet memnunum QR ödeme yapıyorum para transferlerin sorunsuz banka hesabı acamayanlara tavsıye ederım en azından turkcell guvencesınde bı muhattap bulabılırsın,5,2025-09-03 21:05:39,2025,9
paysell den ödeme yapınca neden 48 TL aylık ekstra işlem bedeli alınıyor y...h yani,1,2025-09-03 14:35:08,2025,9
kimlik doğrulama yaparken hata veriyor bir türlü düzgün program yapamadınız,1,2025-09-03 13:34:00,2025,9
öncelikle 5 yıldızı öne çıkması için Verdim şikayetim nfc olmayan telefonlara ayrımcılık neden yapılıyor Zaten bu dönemde Çoğu telefonda nfc ozelliği yok ben bu Kartı kullanmak istiyorum ama nfc Ozelliğim yok ve nfc Ozelliği olan bir telefonda kullanmıyorum lütfen buna jr çözüm bulun,5,2025-09-03 13:11:39,2025,9
Hiçbir faydası yok. Tamamen para tuzağı. hakkı 1 yıldız bile değil. Sakın indirmeyin.,1,2025-09-03 13:09:22,2025,9
daha berbat daha saçma boş bir uygulama yapmak isteselerdi bu kadar kötü yapamazlardı,1,2025-09-03 09:31:50,2025,9
çok güzel yeni kart çıkarın artık,4,2025-09-03 04:37:29,2025,9
Üye ol veya giriş yap yazan kısıma tıklıyorum direkt giriş yapa atıyor daha kartı aktif etmedim direk giriş yapa atıyor,5,2025-09-02 14:19:21,2025,9
Kimlik doğrulama bir türlü gerçekleşmiyor. Tam bir işkenceye dönüştü:(,3,2025-09-01 21:06:21,2025,9
güvenli olmayan yazılım tespit edildi diyor girmiyor hata veriyor. kullanamiyacagimiz bir uygulama,1,2025-09-01 10:21:15,2025,9
çok iyii,5,2025-09-01 04:20:08,2025,9
karaktersiz hirsizlar,1,2025-09-01 01:25:44,2025,9
yaw arkadaş insanlarla dalgamı geçiyorsunuz internet şifresi süresi doldu diyor ne kadar kombinasyon şifresi yazdiysam kabul etmiyor sizin yapacağınız uygulamanın amk,1,2025-08-31 14:00:33,2025,8
kimlik bilgileri okundu kabul ediliyor.sonra hata veriyor. Tekrar başa dönüyor. 1 saattir uğraşıyorum,1,2025-08-31 00:48:14,2025,8
teşekkürler,5,2025-08-30 19:24:41,2025,8
şifremi unutmamak için ne hallere giriyorum yeni güncelleme ile daha da zorlaştırdınız 24 saatte 1 kere şifre değiştirebiliyoruz bu çok kötü olmuş... burdan sonrasını susmayı tercih ederim 🤮🤮,1,2025-08-30 09:47:39,2025,8
bu kadar berbat saçma sapan dengesiz ne yaptını bilmediğen bi uygulama yapmışlar düzeltin şu uygulamayı,1,2025-08-30 09:08:46,2025,8
böyle rezalet uygulama görmedim uygulamaya girerim para transferi yaparım tabi yapabilirsem puan desen kendiliğinden siliniyor verdiği puanda 100 artık kime yeterse artık vodafone ye geçmek daha mantıklı,1,2025-08-29 17:38:53,2025,8
Herşeye çok komisyon kesiyor işlem yaparken hata veriyor hic memnun olmadım hesabımı sileceğim,1,2025-08-29 15:33:54,2025,8
çok güzel,5,2025-08-29 04:03:12,2025,8
Sırf öne çıksın diye 5 yıldız verdim yoksa 1 yıldızı bile haketmiyor. Ben paycell uygulamasını kullanmıyorum yüklü de değil ama paycellden bana masraf çıkartıyorlar paycell uygulamasından yapılan işlemlerden dolayı düzeltilmiyor da,5,2025-08-28 23:16:06,2025,8
yardımcı,5,2025-08-28 19:23:03,2025,8
kimlik gorulama turksel 500tistedi,4,2025-08-28 17:47:56,2025,8
beğenerek kullanıyorum,5,2025-08-28 13:03:30,2025,8
berbtttt,1,2025-08-27 22:15:58,2025,8
(bence) çok kötü Galatasaray büyüktür Fenerbahçe Ülker Anadolu lisesi yazılımı ile çevrilmiştir çevirilerle eklediği içeriklerde telif hakkı bildirimi ve kolayca paylaşabilirsiniz ne zaman,1,2025-08-27 12:41:41,2025,8
çok iyi,5,2025-08-27 00:41:05,2025,8
1 yıldız bile hakketmiyor yazikkk,1,2025-08-27 00:13:57,2025,8
Rezalet gerçekten rezalet Yeni paycell kartı aldım fiziksel kart ekleye tıklıyorum herşeyi giriyorum interneti kapatınız diyorsunuz üstelik kapatınca da internet yok diyip açtırıyorsunuz rezalet,1,2025-08-26 10:19:22,2025,8
harika,5,2025-08-26 03:25:17,2025,8
bazı telefonlarda e-postayı girdikten sonra ilerlenmiyor gelmesini istediğim bazı kişiler gelemedi eğer bu hata olmasaydı daha çok kişi gelebilirdi ve sadece tek seferde 500 puan aktarabiliyorum bunu da dikkate alırsanız sevinirim,2,2025-08-25 20:56:49,2025,8
güzel,5,2025-08-25 20:48:42,2025,8
iyi,5,2025-08-25 15:40:15,2025,8
kimlik doğrulama yapılmıyor kimlik okundu görünüyor sonradan hata veriyor tekrar kaç kere uğraştım,1,2025-08-25 12:34:41,2025,8
üstte görünsün diye 5 yıldız verdim fatura ödemelerinde onay kodu mesajı gelmiyor,5,2025-08-25 11:13:05,2025,8
berbat,1,2025-08-25 01:00:05,2025,8
çok iyi tavsiye ederim,5,2025-08-24 20:23:37,2025,8
"Hiç bir şekilde hesabı doğrulayamıyorum, numara değiştiremiyorum, kartlarımı yönetemiyorum. An itibariyle TCMB verilerine göre 65 adet elektronik para kuruluşu var ve hiç biri her hangi bir işlem için ekran kaydı veya mobil internet kullanımı talep etmiyor. Paycell güvenilmez, kullanılabilir değil, etikten uzak bir yapı. Hayatı kolaylaştırmak yerine sadece zorlaştırıyor.",1,2025-08-24 18:29:46,2025,8
daha giremedim bile kod gelmiyor çok kez denedim,1,2025-08-24 14:57:40,2025,8
"kullanıcıların bahsettiği hatalar sorunlar bende de var. uygulamaya girilemiyor. defalarca arama, info ve yardım uzantılı adrese mail atma. değişen birşey yok. hesabımda puanşar var onlarla ekstra data almak istiyorum alamıyorum. iptal edilen uygulama aidat ödeme hesabıma yansımıyor.. hesabıma giremiyorum. yazıklar olsun",5,2025-08-24 13:30:21,2025,8
Bu Proğramı nasıl iptal edilen,1,2025-08-24 00:44:23,2025,8
berbat,1,2025-08-23 23:44:30,2025,8
"Çok kötü bir uygulama 6 yıldır kullandığım hat paycell uygulamasında İbrahim diye birisinin adına görünüyor paycell,sözde Turkcell'in bir kuruluşu ama turkcell'in müşterilerinden haberleri yok Turkcell ile paycell'in müşteri hat numaralarını senkronize etmeleri o kadar da zor bir şey değil...",1,2025-08-23 16:56:57,2025,8
çok kötü bır uygulama,1,2025-08-23 16:27:20,2025,8
çok boş bi uygulama .. 5 bin veriyor üstüne dünya kadar faiz ekliyor.. yasal hırsızlık indirmeyin kulanmayın.,1,2025-08-23 11:24:00,2025,8
merhabalar telefonum uygulamayi açmıyor yardımcı olursanız sevinirim,3,2025-08-23 10:45:43,2025,8
"Paycell’i severek kullanıyorum. Netflix, Spotify gibi popüler üyeliklerin eklenmesi çok güzel olmuş. Ancak Türkiye’nin dijital platformu “Tabii” üyeliğinin de Paycell üzerinden alınabilmesini çok isterim. Fatura ya da bakiye ile ödeme seçeneği büyük kolaylık sağlar. Umarım en geç Eylül’e kadar bu üyelik de eklenir. Teşekkürler 🙏",5,2025-08-23 00:27:10,2025,8
"Uygulama çok güzel ama ödemeler kısmında şans oyunları ödemesi olsa daha güzel olur. Nesine, Misli vs gibi",5,2025-08-23 00:24:30,2025,8
"Turkcell numaramı zaten siz kapattırdınız, paycell'e şimdi giriş yaparken neden ""artık bu numaraya erişimim yok"" doğrulaması entegre etmezsiniz ki? Paycell hesabıma şimdi hiçbir şekilde erişemiyorum. Sadece 2 deneme hakkı sunuldu ve paycell hesabım dondurursa eski numarama artık erişimim olmadığı için hesabı kurtaramayacağım, niye uğraştırıyorsunuz bu kadar? Yeni paycell hesabımda da fast işlemleri için kimlik doğrulama yaptırıyor, kimliğin size ait olduğunu doğrulayamadı hatası alıyorum. Kötü",1,2025-08-23 00:13:22,2025,8
"alakasız ödemeler geliyor, niye için da bilgim yok",1,2025-08-22 14:28:19,2025,8
kaç senedir giriş yapmayı deniyorum ve hiçbir zaman giriş yapamadım bu uygulamayı hiç sevmedim yüklemeyin,1,2025-08-22 10:58:35,2025,8
Kayıt yapılmıyor,1,2025-08-22 03:11:18,2025,8
günlerdir ugraşıyorum ama numarama kod gelmiyor,4,2025-08-21 21:57:25,2025,8
uygulama da yeni şifre diyor giriyorum devam seçeneği aktif hale gelmiyor nasıl bir saçma bir uygulama wodofonda böyle bir saçmalık YOK !!!!!!!!!!,2,2025-08-21 18:28:40,2025,8
Paycel teknik sorunları bitmiyor. Müşteri hizmetlerinden hiçbir yanıt alamadığım gibi uygulamadaki teknik sorun konusunda bildirim de alınmıyor. Şikayet etmem borcumu ödemem engellendi. Neymiş öneri alınabiliyormuş. Sanki süper işliyor da! Uygulama aylardır dekont vermiyor her defasında finansel arıyoruz!? Yasal mı ödeme onayı vermemek? Kamuya açık paylaşacağım şikayetlerimi. Herkes görsün,1,2025-08-21 18:23:11,2025,8
harika,5,2025-08-21 15:22:16,2025,8
❤️❤️❤️❤️❤️❤️❤️ çok güzel olmuş eline sağlık,5,2025-08-21 14:20:38,2025,8
kimlik doğrulama ve yüz tarama rezalet ötesi. Kimlik bana ait yüz benim yüzüm ama beni tanımıyor ve işlem yapamıyoruz 😅,1,2025-08-21 11:42:41,2025,8
iyi,5,2025-08-20 19:36:43,2025,8
neden sadece NFC özellikli cihazlarda kimlik onayı yapılıyor şuan NFC özelliği bulunmadığı için hesabımı onaylayamiyorum,3,2025-08-20 19:28:40,2025,8
bir siz vardınız hayatımıza karışmayan sizde karıştınız tam oldu istediğim şifreyi koyarım sizene yakında hattı değiştiricem zaten faturam 350 TL den 750 TL ye yükseldi artık kendi kendinize alırsınız hatları,5,2025-08-19 21:08:09,2025,8
👍,5,2025-08-19 17:36:40,2025,8
İki taraftan dinleyebilir,5,2025-08-19 15:48:14,2025,8
Gayet güzel.,5,2025-08-19 15:07:32,2025,8
on numara beş yıldız 🥰,5,2025-08-19 12:36:22,2025,8
Paycell Üzerinden 229 tl ( HTP CLICK N Play ) Diye Fatura Yansıtılmış Fatura Ödemeniz Var Diye Mesaj Gönerip Tek Tuşla Faturayı Ödeyen Türkcell PAYCELL Üç Saat Müşteri Hizmetleri ile Görüşme Sonunda Hiç Bir Sonuç Üretemedi Birde 458 Paycell Puan Kazanmışız Habersiz Bizden Başka Herkes Memnun Anlayacağınız Paycell Halkın Parasıyla Uyanıkları Besliyor Yeni Sloganımız Türkcell Paycell le Yaylan Hayattan,1,2025-08-18 21:03:55,2025,8
ben bu kadar salak bi uygulama görmedim yüzünü okutuyorum kimlikteki ve yüzünüz aynı olmali diyor aynı zaten ne biçim bi uygulama yaptiniz bune be,1,2025-08-18 18:43:16,2025,8
haberim olmadan ne olduğunu bilmediğim paralar kesiliyor ve nedense kimsenin bir bilgisi yok,1,2025-08-18 10:20:13,2025,8
geç giriyor,2,2025-08-17 20:12:17,2025,8
"Bir Uygulama Neden Berbat Olur. soruyorum ,Cevap Veren Yok . Her Şeyden Komisyon Kesen Bir Paycell elektronik Ödeme Var Banka olsun Daha İyi Olur fatura yansit özelliği var Komisyon kesiyor Artı 3 Ay Bir 45 TL Aidat Alıyor Kart aldık 30 TL İade Yok Bunca Zaman Futura Yansıt Özelliğini kullanarak aldığım herseyden toplam 650 TL Para kesti Neden Ben Fazla para ödüyorum Yani Tukcell Olmak Beni Üzdü keske Ne paycell Uygulamasını Ne Tukcell Hattını Kullansaydım Kimseye Tavsiye Etmiyorum",1,2025-08-17 03:49:57,2025,8
ne işe yaradığını öğrenemedik uygulamanın malesef kac aydır turkcelliyiz indirdik kurduk girsi yapiyorsun kod gelmiyor en sonumdada hatali giris yaptin 24 saat sonra tekrar deneyin diyor giremedikki hatali girsek,1,2025-08-15 20:11:37,2025,8
almadığım bir ürün faturama yansıtılıyor nasıl iptal edebilirim,1,2025-08-15 18:02:54,2025,8
doğru düzgün puan vermiyorsunuz herzaman 100 puan veriyorsunuz en kısa sürede bunu düzeltin 😡😡😡😡😡😡😡,5,2025-08-15 16:24:30,2025,8
çok saçma bir uygulama yapacağın her işlem için ayrı bir doğrulama istiyor hesap açtığıma pişman oldum,1,2025-08-15 01:28:04,2025,8
paysell kartı dahi aktif hale getirilmiyor,1,2025-08-14 23:13:20,2025,8
alışveriş iadesinden gelen parayı 1 hafta sonra anca hesaba geçiriyorlar,1,2025-08-14 23:07:10,2025,8
süresi dolan şifremi yenilemiyor. o yüzden kullanamıyorum,1,2025-08-14 15:52:49,2025,8
üye olmak istiyorum hiçbir şekilde giriş yapamıyorum telefonuma kod gelmiyor,1,2025-08-14 07:47:42,2025,8
çok güzel bir uygulama 18 yaşından küçük olmama rağmen her şey yapabilitorsunuz,5,2025-08-14 00:27:47,2025,8
giriş yapamıyorum yeter,3,2025-08-13 21:41:31,2025,8
"ulan hani eyvallah uygulama çok güzel ise yarar, ama paycell bakiyemi paycell karta aktarmak istesem 2.000 tl icin 200 tl kesiyor. Aynı şekilde taksitle ürün almak istesem 3 taksit ile 1000 tl lik ürün 1500 tl oluyor birde aylık karta yansıtma ücreti diye bir şey var hiçbirşey yapmasanız bile her ay faturanıza 50 tl yansıyor bildiğiniz Adam Asmaca. 😒",1,2025-08-13 18:58:07,2025,8
QR kod ile ödemede yeni nesil pos cihazlarında(Beko x30tr) işlem yapamıyorum.Pos cihazında QR kodun çevresi mavi renk olduğundan okuma yapmıyor.Bu konuda güncelleme yapılması gerekiyor. Her seferinde mağdur oluyorum.,1,2025-08-13 13:56:09,2025,8
biz turkcell gitmeyi akıl edemedik zaten. adam gelmiş turkcell e git diyo kardeşim turkcell biz yapamıyoruz diyo paycel biz yapamıyoruz diyo niye varsnınızaq o zaman,1,2025-08-13 10:25:58,2025,8
uygulama güzel hoşta bı güncelleme yapın ya selfi çek diyo cekiyom kimlikteki ile aynı değilsin diyo yav tabi aynı olmam kaç yıl önceki fotoğrafım Allah aşkına şunu bı düzetin yav kartlarim arası para transferi sorunu yaşıyorum onuda bu halledin,4,2025-08-13 04:48:36,2025,8
kartımı eklemeye çalışıyorum ama internet bağlantınız yok diyo ama internet var kart numaranız geçerli değil diyo,1,2025-08-12 20:22:24,2025,8
Kurtarma kodunu güncellemeden uygulamayı açmıyor. Tüm komutları yerine getirdim doğru ve uygun bir kod belirledim ancak asla devam et tuşu aktif olmuyor. Google play den yansıtılan ücreti göremiyorum çünkü uygulama asla açılmıyor. Uygulamam güncel.,1,2025-08-12 14:59:22,2025,8
şifre yenile diyor yenileyemiyorummmm size ne benim şifremden,1,2025-08-12 09:53:12,2025,8
dünyanın en sorunlu uygulaması olabilir,1,2025-08-12 08:35:27,2025,8
iade paralarını 1 hafta falan bekletiyorlar vasat uygulama,1,2025-08-11 22:59:24,2025,8
"Hiç birşekilde para aktarımı sağlayamadım çok uğraştım olmadı ,mevcut yorumlara bakılınca uygulamanın bir çok eksiği mevcut olmalı ki hemen hemen bir çok kullanıcı memnun değil bende dahil. 5 yıldız verdim yukarılarda gözüksün.",5,2025-08-11 13:50:28,2025,8
3 yıl sonra tekrar üyeliğimi aktifleştirdim.Bana yeni numaralı paycell kart vermesine rağmen 15₺ inaktif kart aidatı kesmiş.,1,2025-08-11 09:07:20,2025,8
kimlik doğrulama işlemi var ama bir türlü halledilmiyor. Bütün şartları sağlamama rağmen üstelik. Gerçekten cok cok kotu acilen duzeltilmesini tale ediyorum.,1,2025-08-10 12:35:22,2025,8
uygulama ya giriyorum 5 sn sonra bi uyarı ekranı çıkıyor uzun süre işlem yapmadığınız için oturumunuz sonlanacaktir diye alttaki Devam tuşuna basıyorum ama oturumu sonlandırip sistemden atıyor.ivedilikle çözüm bulunmasını istiyorum bunun yüzünden işlem de yapamıyorum,1,2025-08-10 10:31:55,2025,8
bir defa indirdim sildim uygulamayi her ay paycell islemi diye para kesiyor. bu ne saçma bisey ya . derhal duzeltin bunu,1,2025-08-10 07:10:55,2025,8
"para yatırırken hiç bir sorun olmadığı, çekmeye veya kullanmaya kalktığında sürekli hata,uyarı, müşteri hizmetleri, size dönecezler asla donmemeler .. kardeşim liseli öğrencilere mi yaltirdniz şu uygulamayı",1,2025-08-10 01:25:44,2025,8
Paycell almayın ödeme işlemlerinde hep sorun yaşanıyor özellikle amazonda 5 kere denedim sorun olup duruyor uygulamanın tek güzel tarafı kampanyaları,1,2025-08-09 22:55:28,2025,8
davet ettim puan verilmedi berbat kimse kullanmasın,5,2025-08-09 17:09:59,2025,8
şifremin süresi dolmuş matematik te ne kadar ihtimaller varsa denedim olmuyor bizim bilmediğimiz başka sayılar mı var düzgün bişey yapsanız şaşarım zaten,5,2025-08-09 06:14:41,2025,8
harika,5,2025-08-09 00:47:47,2025,8
hesabima 405 lira attim 400 tl cekmeye gittim hesabjnizda bakiye bulunmamaktadir diyo parami geri istoyorum eger cozulmezse param gidicek,5,2025-08-08 22:27:01,2025,8
25 yılı aşkın süredir türkcell kullanıyorum 😊,5,2025-08-08 19:00:47,2025,8
kahır olsun reklamlar,1,2025-08-08 14:48:44,2025,8
Hariks,1,2025-08-08 06:50:33,2025,8
para tuzağı işlem ücretleri ödeniyor. kapılmayın,1,2025-08-07 23:45:42,2025,8
çok iyi,5,2025-08-07 23:09:22,2025,8
uygulama içinde hesap silme seçeneğini getirin lütfen,1,2025-08-07 16:54:03,2025,8
uygulama açılmıyo,1,2025-08-07 16:06:52,2025,8
VP ALMAK İÇİN MÜKEMMEL UYGULAMA TÜRKCELL CEVAPLA BUNU 😫🙏🙏💓,5,2025-08-07 13:26:43,2025,8
kart Bir süreden sonra alış eriş yapmıyor müşteri hizmetleri ise ulaşamıyorum zaman para kaybı,1,2025-08-07 08:40:46,2025,8
Para aktarmaya gelince hep Bi hata hep sorun hayırdır,1,2025-08-06 20:36:58,2025,8
daha güvenlik sorusunu seçemiyorum anlamadım gitti ne yapacağım,1,2025-08-06 01:41:11,2025,8
yahu neden yüz okumuyor doğrulayamıyorum. işleminiz olmadı vs. diyor şu sorunları aşın lütfen,3,2025-08-05 21:22:51,2025,8
paycell de neden Türk Telekom ev internetini ödeyemiyorum daha doğru fatura ödeme kısmında Türk Telekom ismi yok onlarca bilinmeyen telekomünikasyon şirket var ama Türk Telekom yok bir an önce eklenmesi lazım .,1,2025-08-05 20:46:33,2025,8
paycell de altin gümüş yatırım işlemleri ücretsiz diye ekrana bildirim geliyor :)) ücretsiz olsa ne olacak ki zaten sizden altın alan 100 tl fazla ücretle alıyor 1 ay bekliyor ki altın yükselsin 100 tl zararı çıkartayım diye,5,2025-08-04 19:44:24,2025,8
kötü,1,2025-08-04 18:30:54,2025,8
beş para etmez,1,2025-08-04 16:10:45,2025,8
Berbat sifre gelmiyor günlerdir aynı problem devam ediyor,1,2025-08-03 21:42:57,2025,8
sakın ha bu uygulamayı kullanmayın kullandırtmayin adamlar bildiğin insanları aptal yerine koyuyor şifreni unutursan uygulamaya girmen imkansız yazık gerçekten yazık,1,2025-08-03 19:58:32,2025,8
Müşteri temsilcilerine ulaşmak Cumhur başkanına ulaşmaktan daha zor ne biçim uygulama bu,1,2025-08-03 14:15:56,2025,8
kesinlikle uzak durun uygulama sürekli hata veriyor para yükleyemiyoruz yükledin mi bu sefer çekemiyorsun. müşteri hizmetler e mail üzerinden çalışıyor kimseye dönüş yapmıyorlar.,5,2025-08-03 09:38:19,2025,8
10 kere yüz tanımda hata verdi.,1,2025-08-03 09:32:29,2025,8
"paycell puan hediyemi kullanmak için programa giriyorum aaa pardon giremiyorum daha uygulamaya tıklarken hata veriyor düşünün o kadar hızlı, artık hattı vodofone taşımak vaktidir. Bir çok giden memnun ki yerinden dönen yok seferinden...",1,2025-08-03 00:17:34,2025,8
Kartı hiçbir şekilde kulanilmiyor ve param içinde kaldı alamıyorum çekemiyorum teelegonda nfc yok yardim edin,1,2025-08-02 22:10:56,2025,8
birden hiçbir siteye para yükeyememeye başladım hesabımı doğrulayamıyorum. paycell hata vermekten başka ne işe yarıyorsun sen?,1,2025-08-02 19:16:16,2025,8
aboneliğimi iptal etmek istiyorum ama hıc bir şekilde edilmiyor,1,2025-08-02 19:15:18,2025,8
hem 100 puan veriyor hemde puan tablosu çalışmıyor her hafta sallıyorum hep 100 puan veriyor ödül almaya çalışıyor 0 puan yazıyor,1,2025-08-02 17:56:33,2025,8
çok kötü bir uygulama kartı satın aldım bilgileri giremiyorum ana sayfa ekranında hiç bişey olmuyor kayıt olamıyorum,1,2025-08-02 13:05:07,2025,8
çok fazla faiz kesiyor tavsiye etmem,1,2025-08-02 00:20:24,2025,8
beş para etmez şifre süresi doldu dendi bildiğim ne kadar rakamlar varsa hepsini giriyorum yok ardışı yok birbirini tamamlayıcı olmayacak bir türlü şifre yapamadım ve piskolojim bozuldu bu ne yav banka şirelerini yaparken böyle birşeyle karşılaşmıyorsun şu an bu uygulamayı tamamen kaldırıp bir dahada asla indirmiyecem şifre oluşturamıtosun böyle bir saçmalık varmı ya inanın başıma ağrılar girdi ben profösör değilimki yok ardışık bilmem bu başlı başına saçmalık,1,2025-08-01 23:17:07,2025,8
faturaya yansıt adı altında haberim olmadan faturama ek para yazılmış hiç bir işe yarar yönü yok sadece kazık kapatmaya çalıştığımızda da müşteri hizmetlerini arayın diyo arayınca bişey yapamayız siz yapın diyolar böyle sorumsuzluk görmedim,1,2025-08-01 22:27:49,2025,8
karta aktarilabilir bakiyemi aktarmaya çalışıyorum işlem onayı vermediniz diyor vermek icin bir sayfa açılmıyor hiç bir özellik kullanıılmıyor kupon alınmıyor,1,2025-08-01 20:22:31,2025,8
benim hesabım dondurulmuş ve eski bir e postaya kayıtlı olduğu için giremiyorum ve sizi ariyorum müzik dinletiliyor ve geri dönüş olmuyor hesabıma hala giremiyorum,1,2025-08-01 14:13:46,2025,8
harika kendime AliExpress istediğim şeyi aldim ama 2. alışverişimde onaylamadı ama olsun yinede mutluyum,5,2025-08-01 12:58:01,2025,8
şifresini unutanlar için çözüm üretin müşteri temsilcisine bağlanmiyo 1 saat bekliyoruz,3,2025-08-01 11:59:33,2025,8
salla kazan artık hepsi 50 tl harcamaya iade geliyor.... Bu nedir yaw,1,2025-07-31 23:12:34,2025,7
paycel siferimi nasıl yenileyebilirsiniz,5,2025-07-31 13:21:23,2025,7
5000 puan versin,5,2025-07-31 10:48:18,2025,7
Uygulamaya girilmiyor.,1,2025-07-30 17:58:51,2025,7
"Süresi dolan şifre oluşturulmasında ""Devam"" düğmesi bir türlü aktif olmuyor.",1,2025-07-29 14:56:05,2025,7
uygulama berbat kimlikteki resimle şu anki haliniz aynı değil diyo ama aynı hala,1,2025-07-29 10:35:58,2025,7
arkadaşlar sakın indirmeyin çok kötü,1,2025-07-29 07:52:31,2025,7
hiç iyidegil,5,2025-07-28 18:23:47,2025,7
Her şeye hata veriyor. İşlem yapamıyorsunuz,1,2025-07-28 16:45:32,2025,7
harika,5,2025-07-28 14:21:49,2025,7
Karta para aktarmak icin kimlik dogrulama istiyor ama 50 sen fazla denedim olmuyor.Yok bulundugunuz ortamin isigi falan filan olmuyor,3,2025-07-28 10:56:08,2025,7
puanlarınızı kullanamıyorsunuz tamamen dolandırıyorlar tavsiye etmem,1,2025-07-28 10:45:30,2025,7
kimlik doğrulama yapilmiyo yardımcı olunmuyor param içerde kaldı böyle uygulama olmaz olsun,1,2025-07-28 07:39:36,2025,7
peyseli hiç kulemedim yuklamasi zor,5,2025-07-27 16:51:44,2025,7
uygulamaya güncelleme yapıldığında bu yana giris yapamiyorum,1,2025-07-27 15:15:00,2025,7
başarili👏👍💪 başarılı,5,2025-07-27 14:50:41,2025,7
yorum yukari ciksin diye 5 yildiz verdim 1 yildiz bile etmez 400 tl yatırdım hesaba düşmedi yeni alacaklar almasin,5,2025-07-26 10:03:24,2025,7
hiç kullanışlı değil,1,2025-07-25 21:55:18,2025,7
Berbat bir uygulama sakın indirmeyin şifremi unuttum bir türlü giriş yapamıyorum çok kötü bir uygulama,1,2025-07-25 10:56:06,2025,7
sürekli güvenlik nedeniyle tekrar giriş yapın diyor çıldırıcam artık düzeltin bu uygulamayı lütfen,1,2025-07-25 10:41:49,2025,7
2 ay önce gelen iade parası hala hesabıma yatmadı hiçbir şeyden anlamayan müşteri hizmetleri de cabası,1,2025-07-24 12:39:30,2025,7
ya kardeşim 300 TL harcamanızda 50 TL iade veriyosunuz salla topladan yav ben paycelle para yaptırmıyorum en son yaptırdığımda 500 TL ne hikmetse aidat diye kesildi sizde bu para yaptırmıyo diye sürekli aynı şeyi verip duruyosunuz utanın biraz,1,2025-07-24 10:14:26,2025,7
Bir türlü giriş yapamadım. E-mail adresimi girdikten sonra devam edemedim. Uygulamayı kaldırdım.,1,2025-07-23 07:42:25,2025,7
Paycell troy kart çıkarırsanız kesin kullanacağım bilginize,4,2025-07-23 07:04:09,2025,7
14 yaşındayım veli beyanini dolduracagim bi sorun yok demi,5,2025-07-22 23:53:38,2025,7
Yorumum Üste Çıksın Diye 5 puan verdim Yaklaşık 2 yıldır paycell kullanıyorum ve memnun değilim neden değilsin diye sorarsanız kimlik doğrulaması yapmak için nfc istiyor ama telefonda nfc özelliği yok bu nfc özelliği birçok arkadaşımızda yok ve hepimiz aynı durumdayız yardım ederseniz iyi olur iyi günler,5,2025-07-22 17:03:45,2025,7
2 kere kimlik doğrulaması yaptım 2 sinde de hata verdi yüklemeyin boşa onun yerine papara yükleyin daha iyi,1,2025-07-22 15:04:27,2025,7
"arkadaşını uygulamaya davet et diyor.Ediyorum,onun telefonunda kodun süresi doldu diyor.Tekrar deniyorum,işleminizi gerçekleştiremiyoruz diyor.Bu düpedüz dolandırıcılıkdır,sahtekarlıktır.",1,2025-07-22 13:16:25,2025,7
1 yıldız hak ediyor çünkü sadece ayda 1 defa internet alınabiliyor 1 ay dolduktan donra ise puanlar siliniyor bu yonden düzeltilmeli,1,2025-07-21 15:07:06,2025,7
"Uygulama çok güzel, beğenerek kullanıyorum. Yemek sepeti kuponları falan gerçekten işime yarıyor. Katkısı çok iyi. Tek sıkıntı sanal dünyada alışveriş yapamıyorum sebebi ise bu işlem bankanız tarafından reddedildi gibi bir uyarı veriyor. Sebebini öğrenmek istiyorum. Yardımcı olun.",5,2025-07-21 12:06:59,2025,7
şifremi giriyorum doğrulama kodu istiyor ama bana doğrulama kodu gelmiyor kısacası hesabıma giremiyorum ya.,1,2025-07-21 08:09:11,2025,7
sakin girmeyin,1,2025-07-19 22:54:03,2025,7
Uygulamada arkadaşını davet et butonu çalışmıyor ve programı kilitliyor.,4,2025-07-19 15:19:42,2025,7
SMS KODU GELMİYOR,1,2025-07-19 09:00:43,2025,7
geçici olarak IBAN bilgilerine ulaşılamıyor diyor bu sorunu nasıl çözülür,5,2025-07-19 06:27:28,2025,7
"onaylayabilmek için telefonumun NFC özelliğinin olması zorunlu bu ne saçmalık her telefonda NFC mi var sanki içine para yükledim şimdi para orada kaldı onaylayamıyorum ki hesabı ilgilenmiyorlar, rezalet.",1,2025-07-18 14:50:20,2025,7
"uygulama çok iyi ama kimlikteki fotoğraf 3 ,4 öncesine ait olduğu için yüz doğrulaması yapamıyorum lütfen yardımcı olun",5,2025-07-18 13:12:02,2025,7
iyi👍,5,2025-07-18 03:09:08,2025,7
sanal kart için tarih istiyor ama bende sanal kart yok nasıl girecem uygulamaya,1,2025-07-17 22:45:59,2025,7
bu nasıl bir uygulama bir haftadır açmaya çalışıyum açılmıyor güvenlik anahtarı diyor dahada ileri gitmiyor bilgisi olan varsa yardımcı olursanız sevinirim teşekkürler bu bir yıldızı yorumu yazmak için verdim ne GSM numarası gittim paycel kart aldım yine açılmıyor saçma sapan bir program yapmışsınız,1,2025-07-17 19:29:37,2025,7
gerçekten mükemmel uygulama hediye vermesi çok hoşuma gitti Allah sizden razı olsun.,5,2025-07-17 14:25:30,2025,7
paycell iptal,2,2025-07-17 06:48:41,2025,7
internet alışverişi açık olmasına rağmen internet alışverişi yapamıyorum,1,2025-07-16 16:35:50,2025,7
Sen bu doğrulatmadan internet harcamam mükemmel bir şey en iyi finansal uygulama hiç de uğurlatmak istemiyor en güzel finans uygulaması,5,2025-07-16 07:57:16,2025,7
"kötü habersiz sabah saat 05:21 de paycell para transferi nasıl yapar,onaysız",1,2025-07-16 05:58:07,2025,7
g.play mağaza sayfasında kurucu firma Turktell yazıyor. düzeltin lutfen Turkcell yapın,3,2025-07-15 17:01:23,2025,7
2 tane alışveris yap hemen limiti doldu bidaha yenilenemez istiyorsan illa para verecen boyle saçmalık görmedim çok kötü kullanmayın hadi kullanın daha iyi,1,2025-07-15 15:03:26,2025,7
sunduğu hiçbir özellik çalışmıyor,1,2025-07-15 13:43:17,2025,7
paycell kadar kötü Bir uygulama görmedim puanlarım var hediye alamıyorum otomatikmen her zaman puanlarım sıfırlanıyor hediye verdiği de yok gerçekten bu hataların düzeltilmesi gerekiyor,2,2025-07-15 10:52:42,2025,7
son güncellemeden sonra financell limitini göstermiyor,5,2025-07-15 09:10:06,2025,7
Operatörüm netgsm olduğundan paycell desteklemiyor...,1,2025-07-15 05:38:08,2025,7
vodafoneluyum ama kullanabilir miyim para çekme işlemi gönderme işlemi yapmak için,5,2025-07-15 04:50:21,2025,7
Kart Limiti Saçma Heleki Kapatılan Kartlar Limitten Düşmeli Ama Düşmüyor Hiç Bir Şekilde Kullanamıyoruz,3,2025-07-15 02:17:19,2025,7
Çalışmıyor,1,2025-07-14 20:34:42,2025,7
Şikayetlerimi iletemiyor. Bize ulaşın bölümünde gönderim yapılamıyor.,1,2025-07-14 16:51:36,2025,7
Düzenli kullandığım hesabımı açıklama yapmadan kapattılar,1,2025-07-13 21:57:50,2025,7
güzel,5,2025-07-13 18:07:41,2025,7
haberim ve onayım yok 2400 ödeyecem 5 para etmez kimse girmesin kullanmayın zaten olayı yargıya taşıyacam...,1,2025-07-13 16:19:42,2025,7
surekli karttan para aktarirken sistem hatasi veriyor,1,2025-07-13 13:03:18,2025,7
Yaa anlıyorum.Türkiyede ki firmalar Rabbena hep bana.ben 15 senede biriktirdiğim 80000 puan paycell puanla sadece 300 tl türkcell mağazalarından indirim alabiliyorum.günümüzde ıphone telefonlar bile 40000 tl.neden bizim iletişim şirketleri müşterilerine güzel kampanyalar sunmuyor.hediyelere bakıyorum dilenciye sokakta verdiğimizi bize teklif ediyor.biraz cesaret.yani en azından senelerdir size tonla para ödemiş insanlara güzel kampanyalar sunun.ekonominiz sarsılıyorsa eğer alın puanlarınızı.,3,2025-07-13 01:38:04,2025,7
uygulamayı kullanım dayatılıyor,1,2025-07-12 16:12:47,2025,7
bu uygulamayı nenem tasarlasa daha iyi yapardı....,1,2025-07-12 14:51:28,2025,7
en az 10000 puanım gitti böyle uygulama mı olur puanlarımı geri verin,1,2025-07-12 07:55:07,2025,7
yok kimliğini okut yok şuna izin ver işkence mi çekiyoruz belli değil sildim direkt,1,2025-07-11 19:52:19,2025,7
çok iyi,5,2025-07-11 19:10:54,2025,7
paycell komisyon ücretleri fazla vergiler de fazla vergiler komisyonlar düşük yansısın,3,2025-07-11 15:09:43,2025,7
3 ayda bir para kesiyor kullanmazsanız bile. İndirmeyin,1,2025-07-11 14:42:21,2025,7
Qr kodu başka banka kartlarındada kullanabiliyosun bence harika.Sanırım bu özellik başka bir uygulamada yok. Bütün faturaları talimatlayıp geciken varmı diye tek ekrandan takip edebiliyosun. Kart borçlarını ödemek geçmiş işlem kayıtları sayesinde çok kolay.,5,2025-07-11 12:19:35,2025,7
Ne kadar doğrulama yapmaya çalışsamda doğruda yapsam reddiyor içerisinde Madenlerim kaldı,1,2025-07-11 11:33:11,2025,7
hoştur boştur,5,2025-07-11 10:43:25,2025,7
saçma bir uygulama para cevenemek,1,2025-07-11 10:02:55,2025,7
mükemmel,5,2025-07-11 00:45:00,2025,7
iyice cıvıtı bu uygulama güvenlik nedeniyle oturum sonlandırmıştır diyor iki aydır böyle ne yapacağız şimdi,1,2025-07-10 22:28:01,2025,7
MÜKEMMEL,5,2025-07-10 15:10:06,2025,7
uygulamada adıma hesap açılmış müşteri hizmetlerine baglanamiyorum müşteri hizmetleri şifre istiyor başkası tarafindan adıma açılmış hesabin sifresini ben nereden bileyim,1,2025-07-10 12:11:51,2025,7
Çok guzel,5,2025-07-09 19:01:31,2025,7
uygulamaya giremiyorum,5,2025-07-09 18:30:18,2025,7
paycell uygulaması calismiyor hata veriyor sonra tekrar deneyin yaziyor hep paycell fiziksel kartı aldım paycell li ol a basıyorum hep hata veriyor neden acaba🤔,1,2025-07-09 16:33:04,2025,7
bu uygulamayı kesinlikle indirmeyin alt yapısı öyle kötü biseyki arkadasima para attım ters işlem düştü 45.900TL tam 38gunde içinde iadesi oldu bana tam rezillik,1,2025-07-09 16:15:34,2025,7
numarami turkcellden tasidim icindeki paraya el koydular uzak durun,1,2025-07-09 12:27:45,2025,7
Çöp,1,2025-07-08 20:03:21,2025,7
"Tüm bu tür uygulamalar kişilere cazip gösterilerek ücretli üyelik yapılan gereksiz ötesi uygulamalar. Şaşırdı tüm banka, dijital eğlence sistemleri, şirketler, operatörler. Ne yapsak daha nasıl yolsak bu milleti diye.",5,2025-07-08 19:47:52,2025,7
"Uygulama iyi güzel tamamda internette ödeme yaparken kod gönderdiğini söylüyor kod mod gelmiyor. Gerçekten sinirimi bozan bir durum. Arkadaşım da bu paycellin fiziksel kartını şoktan satın aldı, kartı eklediğinde birden bire yok oldu uygulamadan. Müşteri hizmetlerini aradık ama resmen sallıyor. Çok garip bir uygulama yani. Beğenmedim. Daha iyi kartlara geçiş yapabilirsiniz.",2,2025-07-08 18:44:46,2025,7
sistemsel sorun var para yüklenmiyor,3,2025-07-08 16:10:02,2025,7
"şu payceli yapan şirkete bi önerim olucak sunduğunuz kredi tutarının açıklamasını iyi yazın, bu size önerdiğimiz kredi tutarıdır güncel faizi şu kadardır yasal kesinti işlem ücreti vs. bu kadardır diye .uygulamanın en üstüne yapıştırmışlar aktarılabilir limit diye başka açıklama yok yaptığınız her 1000 tl aktarıma 100 tl işlem ücreti kesiyorlarmış uygulamayı indirdiğime de kullandığım güne de lanet olsun",1,2025-07-08 14:17:16,2025,7
çok güzel teşekkürler,5,2025-07-08 12:06:43,2025,7
son güncellemeden sonra paycell kartıma para yükleyemiyorum mail attım çözemediler de,3,2025-07-08 10:42:02,2025,7
Salla kazan çalışmıyor bakarmısınız??? komisyon ücretleri çok yüksek istanbulkart yüklemesinde bile alınıyor ayıptır...,5,2025-07-08 04:56:53,2025,7
KESİNLİKLE KULLANMAYİN HAKSIZLIK HAD SAFADA OLAN BIR FIRMA HAKSIZ YERE OLAN PUANLARI SILIYOR SONRA MESUR YALAN SISTEM DIYORLAR,1,2025-07-08 03:15:31,2025,7
indirmeyin ben size diyim,5,2025-07-08 00:51:16,2025,7
çok iyi,5,2025-07-08 00:23:33,2025,7
07.07.2025 tarihinde paycell kartım içinde bakiye olmasına rağmen bloke edilmiş olup diğer banka hesaplarimin borcunun son günü olmasina rağmen ne yapip ne edip blokeyi kaldırmaması takdirde faize binen borcumu paycell tarafindan güzel bi şekilde ödenmesini talep ediyorum,1,2025-07-07 23:37:17,2025,7
doğru dürüst bir uygulama değil neyiniz doğruki ulaşacağız gardaş salla kazan yapıyorum hata veriyor mail attım kimse ilgilenmedi,1,2025-07-07 17:31:21,2025,7
Paycell üzerinden ödediğim fatura ödemesi benden kesildiği halde ödediğim kuruma geçmiyor. Malesef müşteri temsilcisini aradığım zamanda çözüm sürecinde bekleyin deniyor. 1 haftadır aynı.,1,2025-07-07 15:35:43,2025,7
bir türlü decont alamıyoruz. bazı yerler ödeme yaptığımıza dair decont istiyor fakat Paycell de decont yok,1,2025-07-07 09:08:45,2025,7
yabancı olduğum için doğrulama yapamıyorum,1,2025-07-06 20:02:06,2025,7
şifre güncelle diyorsunuz ama guncelletmiuorsunuz nasıl yapıcam,3,2025-07-06 18:34:42,2025,7
Para çekme paralı fatura ödeme eft yapma paralı aylık ücret var 15 lira quar kodla ödeme ücretli kart aldım ücretli limitinden karta para aktarma ücretli para tuzağından başka birşey değil,1,2025-07-05 21:49:08,2025,7
Şaka Gibi Kart Limiti Nedir Bu Ciddi Sorundur Kapatılan Kart İptal Edilir Bu Sorunu Çözemediler Şuan Ne Kart Ekleyebiliyorum Nede Sanal Kart Açabiliyorum,2,2025-07-05 20:59:31,2025,7
ben onay vermeden her ay benden 45 TL para alıyorsunuz abi ne bu,1,2025-07-05 11:20:33,2025,7
uygulama geç açılıyor giriş vesayre sorunlu arayüz iyileştirmeler yapılmalı,1,2025-07-05 08:07:34,2025,7
hesabımı dogrulattim ancak paycell uygulamasina girmek istedigimde sürekli guvenlik nedeni ile oturum sonlandırıldı hatası aliyorum çözülürse sevineceğim,3,2025-07-04 14:57:03,2025,7
Telefonumda NFC özelliği olmasına rağmen Digital Kimlik Doğrulama yapamıyorum; çünkü uygulamanın neresinde bu zıkkım belli değil. uygulamada hangi menü kullanılıyor bu işlem için????,1,2025-07-04 13:54:58,2025,7
kazıkçılar,1,2025-07-03 20:04:24,2025,7
50 tane mesaj atıyorsunuz bıktırdınız,1,2025-07-03 19:22:02,2025,7
Pok gibidir ayıptır sorması akliniz varsa kullanmazsınız zarara girdim bu uygulama yüzünden,1,2025-07-03 16:22:17,2025,7
çok iğrenç bir uygulama şifremi yenilemiyorum,1,2025-07-03 12:13:19,2025,7
kimlik dogrulamasında diyoki kimlike aynı kişi deyil ama aynı kişi,5,2025-07-02 14:40:44,2025,7
kimlik doğrulama hata veriyor yardımcı olur musunuz,3,2025-07-02 14:20:32,2025,7
Alışveriş iade ücretimi 2 gündür yansıtmadılar mail attım cevap vermeye bile tenezzül etmediler,1,2025-07-01 23:48:15,2025,7
"Banka kartı ile para yükleme işleminden yüzde 4 e yakın komisyon almaya başlamışlar. O kadar berbat bir müşteri hizmetleri var ki hiçbir şekilde derdimizi anlatamıyoruz. Sözde email ile yardım ediyorlar, takılmış plak gibi süreki aynı cevap geliyor. Çok berbat çok! O Bize ulaşın alanından yolladığımız mesajlar hiç düzgün şekilde kontrol edilip cevaplanmıyor maalesef. 2750 TL Masak limitini yıllık zanneden çalışanınız var yahu.",1,2025-07-01 12:03:05,2025,7
çok iyi,5,2025-07-01 11:16:31,2025,7
Çok kötü bir kart yapcağınız kartı,1,2025-07-01 10:49:35,2025,7
sonunda iadem geldi teşekkürler paycell,4,2025-07-01 08:19:14,2025,7
uygulama açılmıyor güvenlik sebebiyle oturumunuz sonlandırılmıştır diyor ne saçmalık,5,2025-07-01 07:53:41,2025,7
